{
	"entity_type": [
		{
			"verno_ctx": 1, 
			"code": "Tlog",
			"source_code": "cxo"
		},
		{
			"verno_ctx": 1, 
			"code": "Card",
			"source_code": "cxo"
		},
		{
			"verno_ctx": 1, 
			"code": "Crdproduct",
			"source_code": "cxo"
		},
		{
			"verno_ctx": 1, 
			"code": "Acsitem",
			"source_code": "cxo"
		},
		{
			"verno_ctx": 1, 
			"code": "Source",
			"source_code": "mkc"
		},
		{
			"verno_ctx": 1, 
			"code": "Customer",
			"source_code": "cx-branch"
		},
		{
			"verno_ctx": 1, 
			"code": "Card",
			"source_code": "cx-branch"
		},	
		{
			"verno_ctx": 1, 
			"code": "Rule_atom",
			"source_code": "cxo"
		},
		{
			"verno_ctx": 1, 
			"code": "Acctype",
			"source_code": "cxo"
		},
		{
			"verno_ctx": 1, 
			"code": "cat_isscycfee",
			"source_code": "cxo"
		},
		{
			"verno_ctx": 1, 
			"code": "cat_issfee",
			"source_code": "cxo"
		},
		{
			"verno_ctx": 1, 
			"code": "rule_dimension",
			"source_code": "cxo"
		},	
		{
			"verno_ctx": 1, 
			"code": "rule_rule",
			"source_code": "cxo"
		}, 
		{
			"verno_ctx": 1, 
			"code": "Ccscycle",
			"source_code": "ccs"
		},
		{
			"verno_ctx": 1, 
			"code": "Ccsitem",
			"source_code": "ccs"
		},
		{
			"verno_ctx": 1,
			"code": "usrgrp",
			"source_code": "cxo"
		},
		{
			"verno_ctx": 1,
			"code": "Customer",
			"source_code": "cxo"
		},
		{
			"verno_ctx": 1,
			"code": "authdet",
			"source_code": "cxo"
		},
		{
			"verno_ctx": 1,
			"code": "aprvlcode",
			"source_code": "cxo"
		},
		{
			"verno_ctx": 1,
			"code": "accdet",
			"source_code": "cxo"
		},
		{
			"verno_ctx": 1,
			"code": "Cardstatus",
			"source_code": "cxo"
		},
		{
			"verno_ctx": 1,
			"code": "crdbtch",
			"source_code": "cxo"
		},
		{
			"verno_ctx": 1,
			"code": "InstitutionCategory",
			"source_code": "cxo"
		},
		{
			"verno_ctx": 1,		
			"code": "Risk",
			"source_code": "cxo"
		},		
		{
			"verno_ctx": 1,
			"code": "RiskCategory",
			"source_code": "cxo"
		},
		{
			"verno_ctx": 1,
			"code": "Threshold",
			"source_code": "cxo"
		},
		{
			"verno_ctx": 1,
			"code": "Onusauth",
			"source_code": "cxo"
		},
		{
			"verno_ctx": 1, 
			"code": "Grpperm",
			"source_code": "cxo"
 		},
		{
			"verno_ctx": 1, 		
			"code": "GenCards",
 			"source_code": "cxo"
		},
		{
			"verno_ctx": 1, 
			"code": "Descr",
			"source_code": "cxo"
 		},
		{
			"verno_ctx": 1, 
			"code": "Menu",
			"source_code": "cxo"
		},
        {
            "verno_ctx": 1,
            "code": "currency",
            "source_code": "cxo"
        },
        {
            "verno_ctx": 1,
            "code": "usrperm",
            "source_code": "cxo"
        },
        {
            "verno_ctx": 1,
            "code": "cat_isscomm",
            "source_code": "cxo"
        },
        {
            "verno_ctx": 1,
            "code": "fc_chargedet_ovrd",
            "source_code": "cxo"
        },
        {
            "verno_ctx": 1,
            "code": "threshold_set",
            "source_code": "cxo"
        },
        {
            "verno_ctx": 1,
            "code": "rule_evalset",
            "source_code": "cxo"
        },
        {
            "verno_ctx": 1,
            "code": "threshold_ovrd",
            "source_code": "cxo"
        },
		{
			"verno_ctx": 1, 
			"code": "crdstatus",
			"source_code": "cxo"
		},
		{
			"verno_ctx": 1, 
			"code": "CardAccountSearch",
			"source_code": "cxo"
		},
		{
			"verno_ctx": 1, 
			"code": "msc",
			"source_code": "cxo"
		},
		{
			"verno_ctx": 1, 
			"code": "cat_acctrisk",
			"source_code": "cxo"
		},
		{
			"verno_ctx": 1, 
			"code": "mkcLink",
			"source_code": "mkc"
		},
		{
			"verno_ctx": 1, 
			"code": "CheckerRestriction",
			"source_code": "mkc"
		},
		{
			"verno_ctx": 1, 
			"code": "mkcRestriction",
			"source_code": "mkc"
		},
		{
			"verno_ctx": 1, 
			"code": "JobAuthorizationRequest",
			"source_code": "mkc"
		},
		{
			"verno_ctx": 1, 
			"code": "viewMyJob",
			"source_code": "mkc"
		},
		{
			"verno_ctx": 1,
			"code": "Usr",
			"source_code": "cxo"
		},
		{
			"verno_ctx": 1,
			"code": "Usr",
			"source_code": "mkc"
		},
		{
			"verno_ctx": 1,
			"code": "Usr",
			"source_code": "ccs"
		},
		{
			"verno_ctx": 1,
			"code": "Usr",
			"source_code": "cx-branch"
		},
		{
			"verno_ctx": 1,
			"code": "Usr",
			"source_code": "audit-web"
		},
		{
			"verno_ctx": 1,
			"code": "Forex",
			"source_code": "cxo"
		},
		{
            "verno_ctx": 1,
            "code": "Usrinst",
            "source_code": "cxo"
        },
		{
            "verno_ctx": 1,
            "code": "Wallet",
            "source_code": "cxo"
        },
		{
            "verno_ctx": 1,
            "code": "Walletitem",
            "source_code": "cxo"
        },
        {
            "verno_ctx": 1, 
            "code": "EncryptedDecimalization",
            "source_code": "cxo"
        }
	]
}
