{
	"entity_type_bk": [	
		{
			"verno_ctx": 1, 
			"code": "pan",
			"key_part_order" : 1,
			"entity_type_id" : {
				"ENTITY_TYPE.id":{
					"code": "Tlog",
					"source_code": "cxo"
				}
            }
		},
		{
			"verno_ctx": 1, 
			"code": "seqno",
			"key_part_order" : 2,
			"entity_type_id" : {
				"ENTITY_TYPE.id":{
					"verno_ctx":1,
					"code": "Tlog",
					"source_code": "cxo"
				}
            }
		},
		{
			"verno_ctx": 1, 
			"code": "txnCode",
			"key_part_order" : 3,
			"entity_type_id" : {
				"ENTITY_TYPE.id":{
					"code": "Tlog",
					"source_code": "cxo"
				}
            }
		},
		{
			"verno_ctx": 1, 
			"code": "retrievalReferenceNumber",
			"key_part_order" : 4,
			"entity_type_id" : {
				"ENTITY_TYPE.id":{
					"code": "Tlog",
					"source_code": "cxo"
				}
            }
		},
		{
		   "verno_ctx":1,
		   "code":"fncode",
		   "key_part_order":5,
		   "entity_type_id":{
			  "ENTITY_TYPE.id":{
				 "code":"Tlog",
				 "source_code":"cxo"
			  }
		   }
		},
		{
			"verno_ctx": 1, 
			"code": "pan",
			"key_part_order" : 1,
			"entity_type_id" : {
				"ENTITY_TYPE.id":{
					"code": "Card",
					"source_code": "cxo"
				}
			}
		},
		{
			"verno_ctx": 1, 
			"code": "seqno",
			"key_part_order" : 2,
			"entity_type_id" : {
				"ENTITY_TYPE.id":{
					"code": "Card",
					"source_code": "cxo"
				}
			}
		},
		{
			"verno_ctx": 1, 
			"code": "crdproduct",
			"key_part_order" : 1,
			"entity_type_id" : {
				"ENTITY_TYPE.id":{
					"code": "Crdproduct",
					"source_code": "cxo"
				}
            }
		},	
		{
			"verno_ctx": 1,  
			"code": "acsitem",
			"key_part_order" : 1,
			"entity_type_id" : {
				"ENTITY_TYPE.id":{
					"code": "Acsitem",
					"source_code": "cxo"
				}
            }
		},	
		{
			"verno_ctx": 1,  
			"code": "code",
			"key_part_order" : 1,
			"entity_type_id" : {
				"ENTITY_TYPE.id":{
					"code": "Source",
					"source_code": "mkc"
				}
            }
		},	
		{
			"verno_ctx": 1, 
			"code": "customerCode",
			"key_part_order" : 1,
			"entity_type_id" : {
				"ENTITY_TYPE.id":{
					"code": "Customer",
					"source_code": "cx-branch"
				}
            }
		},	
		{
			"verno_ctx": 1, 
			"code": "instCode",
			"key_part_order" : 2,
			"entity_type_id" : {
				"ENTITY_TYPE.id":{
					"code": "Customer",
					"source_code": "cx-branch"
				}
            }
		},
		{
			"verno_ctx": 1, 
			"code": "pan",
			"key_part_order" : 1,
			"entity_type_id" : {
				"ENTITY_TYPE.id":{
					"code": "Card",
					"source_code": "cx-branch"
				}
			}
		},
		{
			"verno_ctx": 1, 
			"code": "seqno",
			"key_part_order" : 2,
			"entity_type_id" : {
				"ENTITY_TYPE.id":{
					"code": "Card",
					"source_code": "cx-branch"
				}
			}
		},
		{
			"verno_ctx": 1, 
			"code": "atomcode",
			"key_part_order" : 1,
			"entity_type_id" : {
				"ENTITY_TYPE.id":{
					"code": "Rule_atom",
					"source_code": "cxo"
				}
			}
		},
		{
			"verno_ctx": 1, 
			"code": "instCode",
			"key_part_order" : 1,
			"entity_type_id" : {
				"ENTITY_TYPE.id":{
					"code": "Ccscycle",
					"source_code": "ccs"
				}
			}
		},		
		{
			"verno_ctx": 1, 
			"code": "cyclecode",
			"key_part_order" : 2,
			"entity_type_id" : {
				"ENTITY_TYPE.id":{
					"code": "Ccscycle",
					"source_code": "ccs"
				}
			}
		},
		{
			"verno_ctx": 1, 
			"code": "item_id",
			"key_part_order" : 1,
			"entity_type_id" : {
				"ENTITY_TYPE.id":{
					"code": "Ccsitem",
					"source_code": "ccs"
				}
			}
		},		
		{
			"verno_ctx": 1, 					
			"code": "institutionCode",
			"key_part_order" : 1,
			"entity_type_id" : {
				"ENTITY_TYPE.id":{
					"code": "cat_isscycfee",
					"source_code": "cxo"
				}
			}
		},
		{
			"verno_ctx": 1, 
			"code": "category",
			"key_part_order" : 2,
			"entity_type_id" : {
				"ENTITY_TYPE.id":{
					"code": "cat_isscycfee",
					"source_code": "cxo"
				}
			}
		},
		{
			"verno_ctx": 1, 
			"code": "institutionCode",
			"key_part_order" : 1,
			"entity_type_id" : {
				"ENTITY_TYPE.id":{
					"code": "cat_issfee",
					"source_code": "cxo"
				}
			}
		},
		{
			"verno_ctx": 1, 
			"code": "category",
			"key_part_order" : 2,
			"entity_type_id" : {
				"ENTITY_TYPE.id":{
					"code": "cat_issfee",
					"source_code": "cxo"
				}
			}
		},
		{
			"verno_ctx": 1, 
			"code": "context",
			"key_part_order" : 1,
			"entity_type_id" : {
				"ENTITY_TYPE.id":{
					"code": "rule_dimension",
					"source_code": "cxo"
				}
			}
		},
		{
			"verno_ctx": 1, 
			"code": "dimension",
			"key_part_order" : 2,
			"entity_type_id" : {
				"ENTITY_TYPE.id":{
					"code": "rule_dimension",
					"source_code": "cxo"
				}
			}
		},
		{
			"verno_ctx": 1, 
			"code": "context",
			"key_part_order" : 1,
			"entity_type_id" : {
				"ENTITY_TYPE.id":{
					"code": "rule_rule",
					"source_code": "cxo"
				}
			}
		},
		{
			"verno_ctx": 1, 
			"code": "ruleName",
			"key_part_order" : 2,
			"entity_type_id" : {
				"ENTITY_TYPE.id":{
					"code": "rule_rule",
					"source_code": "cxo"
				}
			}
		},
		{
			"verno_ctx": 1,
			"code": "userGroup",
			"key_part_order" : 1,
			"entity_type_id" : {
				"ENTITY_TYPE.id":{
					"code": "usrgrp",
					"source_code": "cxo"
				}
			}
		},
		{
			"verno_ctx": 1,
			"code": "custcode",
			"key_part_order" : 1,
			"entity_type_id" : {
				"ENTITY_TYPE.id":{
					"code": "Customer",
					"source_code": "cxo"
				}
			}
		},
		{
			"verno_ctx": 1,
			"code": "instcode",
			"key_part_order" : 2,
			"entity_type_id" : {
				"ENTITY_TYPE.id":{
					"code": "Customer",
					"source_code": "cxo"
				}
			}
		},
		{
			"verno_ctx": 1,
			"code": "authname",
			"key_part_order" : 1,
			"entity_type_id" : {
				"ENTITY_TYPE.id":{
					"code": "authdet",
					"source_code": "cxo"
				}
			}
		},
		{
			"verno_ctx": 1,
			"code": "id",
			"key_part_order" : 1,
			"entity_type_id" : {
				"ENTITY_TYPE.id":{
					"code": "aprvlcode",
					"source_code": "cxo"
				}
			}
		},
		{
			"verno_ctx": 1,
			"code": "instcode",
			"key_part_order" : 1,
			"entity_type_id" : {
				"ENTITY_TYPE.id":{
					"code": "accdet",
					"source_code": "cxo"
				}
			}
		},
		{
			"verno_ctx": 1,
			"code": "accountno",
			"key_part_order" : 2,
			"entity_type_id" : {
				"ENTITY_TYPE.id":{
					"code": "accdet",
					"source_code": "cxo"
				}
			}
		},
		{
			"verno_ctx": 1,
			"code": "currencycode",
			"key_part_order" : 3,
			"entity_type_id" : {
				"ENTITY_TYPE.id":{
					"code": "accdet",
					"source_code": "cxo"
				}
			}
		},
		{
			"verno_ctx": 1,
			"code": "pan",
			"key_part_order" : 1,
			"entity_type_id" : {
				"ENTITY_TYPE.id":{
						"code": "Cardstatus",
						"source_code": "cxo"
				}
			}
        },
        {
			"verno_ctx": 1,
			"code": "seqno",
			"key_part_order" : 2,
			"entity_type_id" : {
				"ENTITY_TYPE.id":{
						"code": "Cardstatus",
						"source_code": "cxo"
				}
			}
        },
        {
			"verno_ctx": 1,
			"code": "dateset",
			"key_part_order" : 3,
			"entity_type_id" : {
				"ENTITY_TYPE.id":{
						"code": "Cardstatus",
						"source_code": "cxo"
				}
			}
        },
        {
			"verno_ctx": 1,
			"code": "timeset",
			"key_part_order" : 4,
			"entity_type_id" : {
				"ENTITY_TYPE.id":{
						"code": "Cardstatus",
						"source_code": "cxo"
				}
			}
        },
		{
			"verno_ctx": 1,
			"code": "batch",
			"key_part_order" : 1,
			"entity_type_id" : {
				"ENTITY_TYPE.id":{
					"code": "crdbtch",
					"source_code": "cxo"
				}
			}
		},
		{
			"verno_ctx": 1, 
			"code": "instCatValue",
			"key_part_order" : 1,
			"entity_type_id" : {
				"ENTITY_TYPE.id":{
					"code": "InstitutionCategory",
					"source_code": "cxo"
				}
			}
		},		
		{
			"verno_ctx": 1, 
			"code": "instCatDescr",
			"key_part_order" : 2,
			"entity_type_id" : {
				"ENTITY_TYPE.id":{
					"code": "InstitutionCategory",
					"source_code": "cxo"
				}
			}
		},		
		{
			"verno_ctx": 1, 
			"code": "ruleContext",
			"key_part_order" : 1,
			"entity_type_id" : {
				"ENTITY_TYPE.id":{
					"code": "Risk",
					"source_code": "cxo"
				}
			}
		},		
		{
			"verno_ctx": 1, 
			"code": "dim",
			"key_part_order" : 2,
			"entity_type_id" : {
				"ENTITY_TYPE.id":{
					"code": "Risk",
					"source_code": "cxo"
				}
			}
		},		
		{
			"verno_ctx": 1, 
			"code": "dimValue",
			"key_part_order" : 3,
			"entity_type_id" : {
				"ENTITY_TYPE.id":{
					"code": "Risk",
					"source_code": "cxo"
				}
			}
		},				
		{
			"verno_ctx": 1, 
			"code": "riskCategoryId",
			"key_part_order" : 1,
			"entity_type_id" : {
				"ENTITY_TYPE.id":{
					"code": "RiskCategory",
					"source_code": "cxo"
				}
			}
		},				
		{
			"verno_ctx": 1, 
			"code": "thresholdCode",
			"key_part_order" : 1,
			"entity_type_id" : {
				"ENTITY_TYPE.id":{
					"code": "Threshold",
					"source_code": "cxo"
				}
			}
		},				
		{
			"verno_ctx": 1, 
			"code": "pan",
			"key_part_order" : 1,
			"entity_type_id" : {
				"ENTITY_TYPE.id":{
					"code": "Onusauth",
					"source_code": "cxo"
				}
			}
		},
		{
			"verno_ctx": 1, 
			"code": "seqno",
			"key_part_order" : 2,
			"entity_type_id" : {
				"ENTITY_TYPE.id":{
					"code": "Onusauth",
					"source_code": "cxo"
				}
			}
		},
		{
			"verno_ctx": 1, 
			"code": "rrn",
			"key_part_order" : 3,
			"entity_type_id" : {
				"ENTITY_TYPE.id":{
					"code": "Onusauth",
					"source_code": "cxo"
				}
			}
		},
		{
			"verno_ctx": 1, 
			"code": "fncode",
			"key_part_order" : 4,
			"entity_type_id" : {
				"ENTITY_TYPE.id":{
					"code": "Onusauth",
					"source_code": "cxo"
				}
			}				
		},
		{
			"verno_ctx": 1, 
			"code": "usrgrp",
			"key_part_order" : 1,
			"entity_type_id" : {
				"ENTITY_TYPE.id":{
					"code": "Grpperm",
					"source_code": "cxo"
				}
			}
		},
		{
			"verno_ctx": 1, 
			"code": "acsitem",
			"key_part_order" : 2,
			"entity_type_id" : {
				"ENTITY_TYPE.id":{
					"code": "Grpperm",
					"source_code": "cxo"
				}
			}
 		},
		{
			"verno_ctx": 1, 
			"code": "branchcode",
			"key_part_order" : 1,
			"entity_type_id" : {
				"ENTITY_TYPE.id":{
					"code": "GenCards",
					"source_code": "cxo"
				}
			}
 		},
		{
			"verno_ctx": 1, 
			"code": "cardproduct",
			"key_part_order" : 2,
			"entity_type_id" : {
				"ENTITY_TYPE.id":{
					"code": "GenCards",
					"source_code": "cxo"
				}
			}
 		},
		{
			"verno_ctx": 1, 
			"code": "issuecnt",
			"key_part_order" : 3,
			"entity_type_id" : {
				"ENTITY_TYPE.id":{
					"code": "GenCards",
					"source_code": "cxo"
				}
			}
 		},			
		{
			"verno_ctx": 1,
			"code": "descrLang",
			"key_part_order" : 1,
			"entity_type_id" : {
				"ENTITY_TYPE.id":{
					"code": "Descr",
					"source_code": "cxo"
				}
			}
		},
		{
			"verno_ctx": 1, 
			"code": "descrTag",
			"key_part_order" : 2,
			"entity_type_id" : {
				"ENTITY_TYPE.id":{
					"code": "Descr",
					"source_code": "cxo"
				}
			}
		},		
		{
			"verno_ctx": 1, 
			"code": "menuAcsitem",
			"key_part_order" : 1,
			"entity_type_id" : {
				"ENTITY_TYPE.id":{
					"code": "Menu",
					"source_code": "cxo"
				}
			}
		},				
		{
			"verno_ctx": 1, 
			"code": "menuMitem",
			"key_part_order" : 2,
			"entity_type_id" : {
				"ENTITY_TYPE.id":{
					"code": "Menu",
					"source_code": "cxo"
				}
			}
		},		
		{
			"verno_ctx": 1, 
			"code": "menuUsrgrp",
			"key_part_order" : 3,
			"entity_type_id" : {
				"ENTITY_TYPE.id":{
					"code": "Menu",
					"source_code": "cxo"
				}
			}
		},
        {
			"verno_ctx": 1,
            "code": "currencyCode",
            "key_part_order" : 1,
            "entity_type_id" : {
                "ENTITY_TYPE.id":{
                    "code": "currency",
                    "source_code": "cxo"
                }
            }
        },
        {
			"verno_ctx": 1,
            "code": "user",
            "key_part_order" : 1,
            "entity_type_id" : {
                "ENTITY_TYPE.id":{
                    "code": "usrperm",
                    "source_code": "cxo"
                }
            }
        },
        {
			"verno_ctx": 1,
            "code": "acsitem",
            "key_part_order" : 2,
            "entity_type_id" : {
                "ENTITY_TYPE.id":{
                    "code": "usrperm",
                    "source_code": "cxo"
                }
            }
        },
        {
			"verno_ctx": 1,
            "code": "institutionCode",
            "key_part_order" : 1,
            "entity_type_id" : {
                "ENTITY_TYPE.id":{
                    "code": "cat_isscomm",
                    "source_code": "cxo"
                }
            }
        },
        {
			"verno_ctx": 1,
            "code": "categoryValue",
            "key_part_order" : 2,
            "entity_type_id" : {
                "ENTITY_TYPE.id":{
                    "code": "cat_isscomm",
                    "source_code": "cxo"
                }
            }
        },
        {
			"verno_ctx": 1,
            "code": "institutionCode",
            "key_part_order" : 1,
            "entity_type_id" : {
                "ENTITY_TYPE.id":{
                    "code": "fc_chargedet_ovrd",
                    "source_code": "cxo"
                }
            }
        },
        {
			"verno_ctx": 1,
            "code": "fc_chargedet_id",
            "key_part_order" : 2,
            "entity_type_id" : {
                "ENTITY_TYPE.id":{
                    "code": "fc_chargedet_ovrd",
                    "source_code": "cxo"
                }
            }
        },
        {
			"verno_ctx": 1,
            "code": "institutionCode",
            "key_part_order" : 1,
            "entity_type_id" : {
                "ENTITY_TYPE.id":{
                    "code": "threshold_set",
                    "source_code": "cxo"
                }
            }
        },
        {
			"verno_ctx": 1,
            "code": "code",
            "key_part_order" : 2,
            "entity_type_id" : {
                "ENTITY_TYPE.id":{
                    "code": "threshold_set",
                    "source_code": "cxo"
                }
            }
        },
		{
			"verno_ctx": 1,
            "code": "institutionCode",
            "key_part_order" : 1,
            "entity_type_id" : {
                "ENTITY_TYPE.id":{
                    "code": "rule_evalset",
                    "source_code": "cxo"
                }
            }
        },
        {
			"verno_ctx": 1,
            "code": "setDimension",
            "key_part_order" : 2,
            "entity_type_id" : {
                "ENTITY_TYPE.id":{
                    "code": "rule_evalset",
                    "source_code": "cxo"
                }
            }
        },
        {
			"verno_ctx": 1,
            "code": "classDimension",
            "key_part_order" : 3,
            "entity_type_id" : {
                "ENTITY_TYPE.id":{
                    "code": "rule_evalset",
                    "source_code": "cxo"
                }
            }
        },
        {
			"verno_ctx": 1,
            "code": "thresholdDescription",
            "key_part_order" : 1,
            "entity_type_id" : {
                "ENTITY_TYPE.id":{
                    "code": "threshold_ovrd",
                    "source_code": "cxo"
                }
            }
        },
		{
			"verno_ctx": 1,
			"code": "statcode",
			"key_part_order" : 1,
			"entity_type_id" : {
				"ENTITY_TYPE.id":{
					"code": "crdstatus",
					"source_code": "cxo"
				}
			}
		},
		{
			"verno_ctx": 1, 
			"code": "pan",
			"key_part_order" : 1,
			"entity_type_id" : {
				"ENTITY_TYPE.id":{
					"code": "CardAccountSearch",
					"source_code": "cxo"
				}
			}
		},
		{
			"verno_ctx": 1, 
			"code": "seqno",
			"key_part_order" : 2,
			"entity_type_id" : {
				"ENTITY_TYPE.id":{
					"code": "CardAccountSearch",
					"source_code": "cxo"
				}
			}
		},
		{
			"verno_ctx": 1, 
			"code": "tag",
			"key_part_order" : 1,
			"entity_type_id" : {
				"ENTITY_TYPE.id":{
					"code": "msc",
					"source_code": "cxo"
				}
			}
		},
		{
			"verno_ctx": 1, 
			"code": "idx",
			"key_part_order" : 2,
			"entity_type_id" : {
				"ENTITY_TYPE.id":{
					"code": "msc",
					"source_code": "cxo"
				}
			}
		},
		{ 
			"verno_ctx": 1, 
			"code": "institutionCode",
			"key_part_order" : 1,
			"entity_type_id" : {
				"ENTITY_TYPE.id":{
					"code": "cat_acctrisk",
					"source_code": "cxo"
				}
			}
		},
		{
			"verno_ctx": 1, 
			"code": "category",
			"key_part_order" : 2,
			"entity_type_id" : {
				"ENTITY_TYPE.id":{
					"code": "cat_acctrisk",
					"source_code": "cxo"
				}
			}
		},
		{
			"verno_ctx": 1,
			"code": "code",
			"key_part_order" : 1,
			"entity_type_id" : {
				"ENTITY_TYPE.id":{
						"code": "mkcLink",
						"source_code": "mkc"
				}
			}
        },
        {
			"verno_ctx": 1,
			"code": "maker",
			"key_part_order" : 2,
			"entity_type_id" : {
				"ENTITY_TYPE.id":{
						"code": "mkcLink",
						"source_code": "mkc"
				}
			}
        },
        {
			"verno_ctx": 1,
			"code": "checker",
			"key_part_order" : 3,
			"entity_type_id" : {
				"ENTITY_TYPE.id":{
						"code": "mkcLink",
						"source_code": "mkc"
				}
			}
        },
        {
			"verno_ctx": 1,
			"code": "userGroup",
			"key_part_order" : 4,
			"entity_type_id" : {
				"ENTITY_TYPE.id":{
						"code": "mkcLink",
						"source_code": "mkc"
				}
			}
        },
		{
			"verno_ctx": 1,
			"code": "code",
			"key_part_order" : 1,
			"entity_type_id" : {
				"ENTITY_TYPE.id":{
						"code": "CheckerRestriction",
						"source_code": "mkc"
				}
			}
        },
        {
			"verno_ctx": 1,
			"code": "checker",
			"key_part_order" : 2,
			"entity_type_id" : {
				"ENTITY_TYPE.id":{
						"code": "CheckerRestriction",
						"source_code": "mkc"
				}
			}
        },
        {
			"verno_ctx": 1,
			"code": "restrictionCode",
			"key_part_order" : 3,
			"entity_type_id" : {
				"ENTITY_TYPE.id":{
						"code": "CheckerRestriction",
						"source_code": "mkc"
				}
			}
        },
        {
			"verno_ctx": 1,
			"code": "restrictionTypeCode",
			"key_part_order" : 4,
			"entity_type_id" : {
				"ENTITY_TYPE.id":{
						"code": "CheckerRestriction",
						"source_code": "mkc"
				}
			}
        },
		{
			"verno_ctx": 1,
			"code": "code",
			"key_part_order" : 1,
			"entity_type_id" : {
				"ENTITY_TYPE.id":{
						"code": "mkcRestriction",
						"source_code": "mkc"
				}
			}
        },
        {
			"verno_ctx": 1,
			"code": "actionCode",
			"key_part_order" : 2,
			"entity_type_id" : {
				"ENTITY_TYPE.id":{
						"code": "mkcRestriction",
						"source_code": "mkc"
				}
			}
        },
        {
			"verno_ctx": 1,
			"code": "userGroup",
			"key_part_order" : 3,
			"entity_type_id" : {
				"ENTITY_TYPE.id":{
						"code": "mkcRestriction",
						"source_code": "mkc"
				}
			}
        },
        {
			"verno_ctx": 1,
			"code": "restrictionTypeCode",
			"key_part_order" : 4,
			"entity_type_id" : {
				"ENTITY_TYPE.id":{
						"code": "mkcRestriction",
						"source_code": "mkc"
				}
			}
        },
		{
			"verno_ctx": 1,
			"code": "code",
			"key_part_order" : 1,
			"entity_type_id" : {
				"ENTITY_TYPE.id":{
						"code": "JobAuthorizationRequest",
						"source_code": "mkc"
				}
			}
        },
        {
			"verno_ctx": 1,
			"code": "maker",
			"key_part_order" : 2,
			"entity_type_id" : {
				"ENTITY_TYPE.id":{
						"code": "JobAuthorizationRequest",
						"source_code": "mkc"
				}
			}
        },
        {
			"verno_ctx": 1,
			"code": "checker",
			"key_part_order" : 3,
			"entity_type_id" : {
				"ENTITY_TYPE.id":{
						"code": "JobAuthorizationRequest",
						"source_code": "mkc"
				}
			}
        },
        {
			"verno_ctx": 1,
			"code": "actionCode",
			"key_part_order" : 4,
			"entity_type_id" : {
				"ENTITY_TYPE.id":{
						"code": "JobAuthorizationRequest",
						"source_code": "mkc"
				}
			}
        },
		{
			"verno_ctx": 1,
			"code": "authStatusCode",
			"key_part_order" : 5,
			"entity_type_id" : {
				"ENTITY_TYPE.id":{
						"code": "JobAuthorizationRequest",
						"source_code": "mkc"
				}
			}
        },
		{
			"verno_ctx": 1,
			"code": "code",
			"key_part_order" : 1,
			"entity_type_id" : {
				"ENTITY_TYPE.id":{
						"code": "viewMyJob",
						"source_code": "mkc"
				}
			}
        },
        {
			"verno_ctx": 1,
			"code": "maker",
			"key_part_order" : 2,
			"entity_type_id" : {
				"ENTITY_TYPE.id":{
						"code": "viewMyJob",
						"source_code": "mkc"
				}
			}
        },
        {
			"verno_ctx": 1,
			"code": "actionCode",
			"key_part_order" : 3,
			"entity_type_id" : {
				"ENTITY_TYPE.id":{
						"code": "viewMyJob",
						"source_code": "mkc"
				}
			}
        },
        {
			"verno_ctx": 1,
			"code": "authStatusCode",
			"key_part_order" : 4,
			"entity_type_id" : {
				"ENTITY_TYPE.id":{
						"code": "viewMyJob",
						"source_code": "mkc"
				}
			}
        },
		{
			"verno_ctx": 1,
			"code": "user",
			"key_part_order" : 1,
			"entity_type_id" : {
				"ENTITY_TYPE.id":{
					"code": "Usr",
					"source_code": "cxo"
				}
			}
		},
		{
			"verno_ctx": 1,
			"code": "user",
			"key_part_order" : 1,
			"entity_type_id" : {
				"ENTITY_TYPE.id":{
					"code": "Usr",
					"source_code": "mkc"
				}
			}
		},
		{
			"verno_ctx": 1,
			"code": "user",
			"key_part_order" : 1,
			"entity_type_id" : {
				"ENTITY_TYPE.id":{
					"code": "Usr",
					"source_code": "ccs"
				}
			}
		},
		{
			"verno_ctx": 1,
			"code": "user",
			"key_part_order" : 1,
			"entity_type_id" : {
				"ENTITY_TYPE.id":{
					"code": "Usr",
					"source_code": "cx-branch"
				}
			}
		},
		{
			"verno_ctx": 1,
			"code": "user",
			"key_part_order" : 1,
			"entity_type_id" : {
				"ENTITY_TYPE.id":{
					"code": "Usr",
					"source_code": "audit-web"
				}
			}
		},
		{
			"verno_ctx": 1, 
			"code": "instcode",
			"key_part_order" : 1,
			"entity_type_id" : {
				"ENTITY_TYPE.id":{
					"code": "Forex",
					"source_code": "cxo"
				}
			}
		},
		{
			"verno_ctx": 1, 
			"code": "refcode",
			"key_part_order" : 2,
			"entity_type_id" : {
				"ENTITY_TYPE.id":{
					"code": "Forex",
					"source_code": "cxo"
				}
			}
		},
		{
			"verno_ctx": 1, 
			"code": "basecurcode",
			"key_part_order" : 3,
			"entity_type_id" : {
				"ENTITY_TYPE.id":{
					"code": "Forex",
					"source_code": "cxo"
				}
			}
		},
		{
			"verno_ctx": 1, 
			"code": "curcode",
			"key_part_order" : 4,
			"entity_type_id" : {
				"ENTITY_TYPE.id":{
					"code": "Forex",
					"source_code": "cxo"
				}
			}
		},
		{
			"verno_ctx": 1, 
			"code": "valid_from",
			"key_part_order" : 5,
			"entity_type_id" : {
				"ENTITY_TYPE.id":{
					"code": "Forex",
					"source_code": "cxo"
				}
			}
		},
		{
			"verno_ctx": 1, 
			"code": "valid_to",
			"key_part_order" : 6,
			"entity_type_id" : {
				"ENTITY_TYPE.id":{
					"code": "Forex",
					"source_code": "cxo"
				}
			}
		},
		{
			"verno_ctx": 1,
            "code": "user",
            "key_part_order" : 1,
            "entity_type_id" : {
                "ENTITY_TYPE.id":{
                    "code": "Usrinst",
                    "source_code": "cxo"
                }
            }
        },
		{
			"verno_ctx": 1,
            "code": "instcode",
            "key_part_order" : 1,
            "entity_type_id" : {
                "ENTITY_TYPE.id":{
                    "code": "Wallet",
                    "source_code": "cxo"
                }
            }
        },
		{
			"verno_ctx": 1,
            "code": "name",
            "key_part_order" : 2,
            "entity_type_id" : {
                "ENTITY_TYPE.id":{
                    "code": "Wallet",
                    "source_code": "cxo"
                }
            }
        },
		{
			"verno_ctx": 1,
            "code": "walletid",
            "key_part_order" : 1,
            "entity_type_id" : {
                "ENTITY_TYPE.id":{
                    "code": "Walletitem",
                    "source_code": "cxo"
                }
            }
        },
		{
			"verno_ctx": 1,
            "code": "currcode",
            "key_part_order" : 2,
            "entity_type_id" : {
                "ENTITY_TYPE.id":{
                    "code": "Walletitem",
                    "source_code": "cxo"
                }
            }
        },
        {
            "verno_ctx": 1,
            "code": "referencecode",
            "key_part_order" : 1,
            "entity_type_id" : {
                "ENTITY_TYPE.id":{
                    "code": "EncryptedDecimalization",
                    "source_code": "cxo"
                }
            }
        }		
	]
}
