{
    "eventcat": [
        {
            "event": "appfeesfail", 
            "verno_ctx": 1, 
            "descrtag": {
                "@INSERT.descr.descrtag": {
                    "lang": "EN", 
                    "verno_ctx": 1, 
                    "descr": "Fees Application Failed "
                }
            }, 
            "severity": "2", 
            "frmtref": {
                "@INSERT.numdescr.id": {
                    "lang": "EN", 
                    "verno_ctx": 1, 
                    "descrtype": " ", 
                    "descr": "Failed to apply fee: %s"
                }
            }
        }, 
        {
            "event": "badMANmccAdv", 
            "verno_ctx": 1, 
            "descrtag": {
                "@INSERT.descr.descrtag": {
                    "lang": "EN", 
                    "verno_ctx": 1, 
                    "descr": "Invalid MCC for Man vouch txn adv"
                }
            }, 
            "severity": "2", 
            "frmtref": {
                "@INSERT.numdescr.id": {
                    "lang": "EN", 
                    "verno_ctx": 1, 
                    "descrtype": "ef", 
                    "descr": "Accepted Man vouch txn - bad MCC Tid/Seq:%s/%s MTI:%s MCC:%s Txnc:%s"
                }
            }
        }, 
        {
            "event": "badVOXmccAdv", 
            "verno_ctx": 1, 
            "descrtag": {
                "@INSERT.descr.descrtag": {
                    "lang": "EN", 
                    "verno_ctx": 1, 
                    "descr": "Invalid MCC for Voice Auth txn adv - acc"
                }
            }, 
            "severity": "2", 
            "frmtref": {
                "@INSERT.numdescr.id": {
                    "lang": "EN", 
                    "verno_ctx": 1, 
                    "descrtype": "ef", 
                    "descr": "Accepted Voice auth Adv - bad MCC Tid/Seq:%s/%s MTI:%s MCC:%s Txnc:%s"
                }
            }
        }, 
        {
            "event": "badVOXmccReq", 
            "verno_ctx": 1, 
            "descrtag": {
                "@INSERT.descr.descrtag": {
                    "lang": "EN", 
                    "verno_ctx": 1, 
                    "descr": "Invalid MCC for Voice Auth txn req - rej"
                }
            }, 
            "severity": "3", 
            "frmtref": {
                "@INSERT.numdescr.id": {
                    "lang": "EN", 
                    "verno_ctx": 1, 
                    "descrtype": "ef", 
                    "descr": "Rejected Voice auth Req - bad MCC Tid/Seq:%s/%s MTI:%s MCC:%s Txnc:%s"
                }
            }
        }, 
        {
            "event": "newnoteid", 
            "verno_ctx": 1, 
            "descrtag": {
                "@INSERT.descr.descrtag": {
                    "lang": "EN", 
                    "verno_ctx": 1, 
                    "descr": "NEW noteid created"
                }
            }, 
            "severity": 0, 
            "frmtref": {
                "@INSERT.numdescr.id": {
                    "lang": "EN", 
                    "verno_ctx": 1, 
                    "descrtype": "ef", 
                    "descr": "NEW noteid %s termcode %s instcode %s'"
                }
            }
        }, 
        {
            "event": "crdlimoverch", 
            "verno_ctx": 1, 
            "descrtag": {
                "@INSERT.descr.descrtag": {
                    "lang": "EN", 
                    "verno_ctx": 1, 
                    "descr": "CARD LIMIT OVERRIDE CHANGED"
                }
            }, 
            "severity": "4", 
            "frmtref": {
                "@INSERT.numdescr.id": {
                    "lang": "EN", 
                    "verno_ctx": 1, 
                    "descrtype": "ef", 
                    "descr": "Card limit override for card %s changed to %s"
                }
            }
        }, 
        {
            "event": "crdreconfail", 
            "verno_ctx": 1, 
            "descrtag": {
                "@INSERT.descr.descrtag": {
                    "lang": "EN", 
                    "verno_ctx": 1, 
                    "descr": "Card Recon Failed "
                }
            }, 
            "severity": "2", 
            "frmtref": {
                "@INSERT.numdescr.id": {
                    "lang": "EN", 
                    "verno_ctx": 1, 
                    "descrtype": "ef", 
                    "descr": "Forex file opened - %s"
                }
            }
        }, 
        {
            "event": "ctxonl_detl", 
            "verno_ctx": 1, 
            "descrtag": {
                "@INSERT.descr.descrtag": {
                    "lang": "EN", 
                    "verno_ctx": 1, 
                    "descr": "Process update"
                }
            }, 
            "severity": "5", 
            "frmtref": {
                "@INSERT.numdescr.id": {
                    "lang": "EN", 
                    "verno_ctx": 1, 
                    "descrtype": "ef", 
                    "descr": "%s"
                }
            }
        }, 
        {
            "event": "ctxonl_error", 
            "verno_ctx": 1, 
            "descrtag": {
                "@INSERT.descr.descrtag": {
                    "lang": "EN", 
                    "verno_ctx": 1, 
                    "descr": "Process update"
                }
            }, 
            "severity": "2", 
            "frmtref": {
                "@INSERT.numdescr.id": {
                    "lang": "EN", 
                    "verno_ctx": 1, 
                    "descrtype": "ef", 
                    "descr": "%s"
                }
            }
        }, 
        {
            "event": "ctxonl_fatal", 
            "verno_ctx": 1, 
            "descrtag": {
                "@INSERT.descr.descrtag": {
                    "lang": "EN", 
                    "verno_ctx": 1, 
                    "descr": "Process update"
                }
            }, 
            "severity": "1", 
            "frmtref": {
                "@INSERT.numdescr.id": {
                    "lang": "EN", 
                    "verno_ctx": 1, 
                    "descrtype": "ef", 
                    "descr": "%s"
                }
            }
        }, 
        {
            "event": "ctxonl_info", 
            "verno_ctx": 1, 
            "descrtag": {
                "@INSERT.descr.descrtag": {
                    "lang": "EN", 
                    "verno_ctx": 1, 
                    "descr": "Process update"
                }
            }, 
            "severity": "4", 
            "frmtref": {
                "@INSERT.numdescr.id": {
                    "lang": "EN", 
                    "verno_ctx": 1, 
                    "descrtype": "ef", 
                    "descr": "%s"
                }
            }
        }, 
        {
            "event": "ctxonl_warng", 
            "verno_ctx": 1, 
            "descrtag": {
                "@INSERT.descr.descrtag": {
                    "lang": "EN", 
                    "verno_ctx": 1, 
                    "descr": "Process update"
                }
            }, 
            "severity": "3", 
            "frmtref": {
                "@INSERT.numdescr.id": {
                    "lang": "EN", 
                    "verno_ctx": 1, 
                    "descrtype": "ef", 
                    "descr": "%s"
                }
            }
        }, 
        {
            "event": "enczmkcrt", 
            "verno_ctx": 1, 
            "descrtag": {
                "@INSERT.descr.descrtag": {
                    "lang": "EN", 
                    "verno_ctx": 1, 
                    "descr": "ZMK generation failure"
                }
            }, 
            "severity": "1", 
            "frmtref": {
                "@INSERT.numdescr.id": {
                    "lang": "EN", 
                    "verno_ctx": 1, 
                    "descrtype": "ef", 
                    "descr": "Creating %s key, seqno: %s for term/zone %s failed"
                }
            }
        }, 
        {
            "event": "frdtxnvalid", 
            "verno_ctx": 1, 
            "descrtag": {
                "@INSERT.descr.descrtag": {
                    "lang": "EN", 
                    "verno_ctx": 1, 
                    "descr": "Processed fraudulent transaction"
                }
            }, 
            "severity": "3", 
            "frmtref": {
                "@INSERT.numdescr.id": {
                    "lang": "EN", 
                    "verno_ctx": 1, 
                    "descrtype": "ef", 
                    "descr": "Fraudulent transaction %s/%s/%s processed as valid"
                }
            }
        }, 
        {
            "event": "pinbtchfail", 
            "verno_ctx": 1, 
            "descrtag": {
                "@INSERT.descr.descrtag": {
                    "lang": "EN", 
                    "verno_ctx": 1, 
                    "descr": "PIN Generation failure"
                }
            }, 
            "severity": "2", 
            "frmtref": {
                "@INSERT.numdescr.id": {
                    "lang": "EN", 
                    "verno_ctx": 1, 
                    "descrtype": "ef", 
                    "descr": "PINGENBTCH failed - %s: %s'"
                }
            }
        }, 
        {
            "event": "crdextrfail", 
            "verno_ctx": 1, 
            "descrtag": {
                "@INSERT.descr.descrtag": {
                    "lang": "EN", 
                    "verno_ctx": 1, 
                    "descr": "Card extract failure"
                }
            }, 
            "severity": "2", 
            "frmtref": {
                "@INSERT.numdescr.id": {
                    "lang": "EN", 
                    "verno_ctx": 1, 
                    "descrtype": "ef", 
                    "descr": "Failed to extract card batch %s"
                }
            }
        },
        {
            "event": "recrnw_info",
            "verno_ctx": 1,
            "descrtag": {
                "@INSERT.descr.descrtag": {
                    "lang": "EN",
                    "verno_ctx": 1,
                    "descr": "Process was completed OK"
                }
            },
            "severity": "4",
            "frmtref": {
                "@INSERT.numdescr.id": {
                    "lang": "EN",
                    "verno_ctx": 1,
                    "descrtype": "ef",
                    "descr": "%s"
                }
            }
        },
        {
            "event": "recrnw_error",
            "verno_ctx": 1,
            "descrtag": {
                "@INSERT.descr.descrtag": {
                    "lang": "EN",
                    "verno_ctx": 1,
                    "descr": "Process was not completed OK "
                }
            },
            "severity": "2",
            "frmtref": {
                "@INSERT.numdescr.id": {
                    "lang": "EN",
                    "verno_ctx": 1,
                    "descrtype": "ef",
                    "descr": "%s"
                }
            }
        },
        {
            "event": "renew_info",
            "verno_ctx": 1,
            "descrtag": {
                "@INSERT.descr.descrtag": {
                    "lang": "EN",
                    "verno_ctx": 1,
                    "descr": "Process was completed OK"
                }
            },
            "severity": "4",
            "frmtref": {
                "@INSERT.numdescr.id": {
                    "lang": "EN",
                    "verno_ctx": 1,
                    "descrtype": "ef",
                    "descr": "%s"
                }
            }
        },
        {
            "event": "renew_warng",
            "verno_ctx": 1,
            "descrtag": {
                "@INSERT.descr.descrtag": {
                    "lang": "EN",
                    "verno_ctx": 1,
                    "descr": "Process was completed with warning"
                }
            },
            "severity": "3",
            "frmtref": {
                "@INSERT.numdescr.id": {
                    "lang": "EN",
                    "verno_ctx": 1,
                    "descrtype": "ef",
                    "descr": "%s"
                }
            }
        },
        {
            "event": "renew_error",
            "verno_ctx": 1,
            "descrtag": {
                "@INSERT.descr.descrtag": {
                    "lang": "EN",
                    "verno_ctx": 1,
                    "descr": "Process was not completed OK"
                }
            },
            "severity": "2",
            "frmtref": {
                "@INSERT.numdescr.id": {
                    "lang": "EN",
                    "verno_ctx": 1,
                    "descrtype": "ef",
                    "descr": "%s"
                }
            }
        }
    ]
}