{
    "usrgrp": [
        {
            "verno_ctx": 1, 
            "descr": "CORTEX Default Group", 
            "usrgrp": "cortex"
        }, 
        {
            "verno_ctx": 1, 
            "descr": "CCS Administration", 
            "usrgrp": "ccsadmin"
        }, 
        {
            "verno_ctx": 1, 
            "descr": "POS Administration", 
            "usrgrp": "posadmin"
        }, 
        {
            "verno_ctx": 1, 
            "descr": "ATM Administration", 
            "usrgrp": "atmadmin"
        }, 
        {
            "verno_ctx": 1, 
            "descr": "Customer Support", 
            "usrgrp": "support"
        }, 
        {
            "verno_ctx": 1, 
            "descr": "Card Production ", 
            "usrgrp": "crdpro"
        }, 
        {
            "verno_ctx": 1, 
            "descr": "Cortex Administration", 
            "usrgrp": "ctxadmin"
        }, 
        {
            "verno_ctx": 1, 
            "descr": "User Administration", 
            "usrgrp": "usradmin"
        }, 
        {
            "verno_ctx": 1, 
            "descr": "Clearing Administration", 
            "usrgrp": "clradmin"
        }
    ]
}
