<?xml version="1.0"?>
<!DOCTYPE ejb-jar PUBLIC
'-//Sun Microsystems, Inc.//DTD Enterprise JavaBeans 2.0//EN'
'http://java.sun.com/dtd/ejb-jar_2_0.dtd'>

<ejb-jar id="ejb-jar_entity_bre">
    <enterprise-beans>
    	<entity id="CustIdCodeEJB">
            <ejb-name>CustIdCodeEJB</ejb-name>
            <home>com.cortex.cust.bre.common.entityejb.CustIdCodeEntityHome</home>
            <remote>com.cortex.cust.bre.common.entityejb.CustIdCodeEntity</remote>
            <ejb-class>com.cortex.cust.bre.common.entityejb.CustIdCodeEntityBean</ejb-class>
            <persistence-type>Bean</persistence-type>
            <prim-key-class>com.cortex.cust.bre.common.entityejb.CustIdCodePK</prim-key-class>
            <reentrant>False</reentrant>
            <resource-ref id="CustIdCodeEJB_ResRef">
                <res-ref-name>jdbc/cortexDataSource</res-ref-name>
                <res-type>javax.sql.DataSource</res-type>
                <res-auth>Container</res-auth>
                <res-sharing-scope>Shareable</res-sharing-scope>
            </resource-ref>
        </entity>
    </enterprise-beans>  

    <assembly-descriptor>
        <container-transaction>
            <method>
                <ejb-name>CustIdCodeEJB</ejb-name>
                <method-name>*</method-name>
            </method>
            <trans-attribute>Required</trans-attribute>
        </container-transaction>
    </assembly-descriptor>
</ejb-jar>
