<?xml version="1.0" encoding="UTF-8"?>
<project xmlns="http://maven.apache.org/POM/4.0.0" xmlns:xsi="http://www.w3.org/2001/XMLSchema-instance" xsi:schemaLocation="http://maven.apache.org/POM/4.0.0 http://maven.apache.org/maven-v4_0_0.xsd">
  <parent>
    <artifactId>cxo-bre</artifactId>
    <groupId>com.fis.cortex.bre</groupId>
    <version>7.4.0-SNAPSHOT</version>
  </parent>
  <modelVersion>4.0.0</modelVersion>
  <artifactId>cxo-struts-action-bre</artifactId>
  <name>CXO BRE - Struts Action</name>
  <build>
    <plugins>
      <plugin>
        <artifactId>maven-shade-plugin</artifactId>
        <version>2.1</version>
        <executions>
          <execution>
            <phase>package</phase>
            <goals>
              <goal>shade</goal>
            </goals>
          </execution>
        </executions>
        <configuration>
          <artifactSet>
            <includes>
              <artifact>com.fis.cortex:cxo-struts-action:*</artifact>
            </includes>
          </artifactSet>
        </configuration>
      </plugin>
    </plugins>
  </build>
  <dependencies>
    <dependency>
      <groupId>com.fis.cortex</groupId>
      <artifactId>cxo-controllers-ejb</artifactId>
      <version>7.4.0.35</version>
      <scope>compile</scope>
    </dependency>
    <dependency>
      <groupId>com.fis.cortex</groupId>
      <artifactId>cxo-core-sql-constants-ora</artifactId>
      <version>7.4.0.35</version>
      <scope>compile</scope>
    </dependency>
    <dependency>
      <groupId>com.fis.cortex</groupId>
      <artifactId>cxo-utils</artifactId>
      <version>7.4.0.35</version>
      <scope>compile</scope>
    </dependency>
    <dependency>
      <groupId>com.fis.cortex.bre</groupId>
      <artifactId>cxo-core-bre</artifactId>
      <version>7.4.0-SNAPSHOT</version>
      <scope>compile</scope>
    </dependency>
    <dependency>
      <groupId>javax.servlet</groupId>
      <artifactId>javax.servlet-api</artifactId>
      <version>3.1.0</version>
      <scope>provided</scope>
    </dependency>
    <dependency>
      <groupId>org.springframework</groupId>
      <artifactId>spring-web</artifactId>
      <version>5.3.39</version>
      <scope>provided</scope>
    </dependency>
    <dependency>
      <groupId>javax.servlet</groupId>
      <artifactId>jstl</artifactId>
      <version>1.2</version>
      <scope>runtime</scope>
    </dependency>
    <dependency>
      <groupId>xml-apis</groupId>
      <artifactId>xml-apis</artifactId>
      <version>1.4.01</version>
      <scope>test</scope>
    </dependency>
  </dependencies>
</project>

