<!DOCTYPE struts-config PUBLIC
        "-//Apache Software Foundation//DTD Struts Configuration 1.0//EN"
        "./struts-config_1_0.dtd" 
        [
        	<!ENTITY cxo-form-beans PUBLIC "-//FIS//STRUTS-CONFIG-CXO-FORM-BEANS//EN" "./struts-config-cxo-form-beans.xml">
        	<!ENTITY cxo-forwards PUBLIC "-//FIS//STRUTS-CONFIG-CXO-FORWARDS//EN" "./struts-config-cxo-forwards.xml">
        	<!ENTITY cxo-mappings PUBLIC "-//FIS//STRUTS-CONFIG-CXO-MAPPINGS//EN" "./struts-config-cxo-mappings.xml">
        ]>

<!--
    File            : struts-config.xml

    Created         : Oct 2001

    Purpose         : Config file for Struts

    Copyright (c) Nomad Software Ltd.
-->
<struts-config>
    <!-- ========== Form Bean Definitions =================================== -->
    <form-beans>
        &cxo-form-beans;
        
	<!-- Module Ia - Cust_idcode search and Detail Form-->
        <form-bean  name="iaaccdetdetailfrm"
            type="com.cortex.cust.bre.gui.ia.formbean.BREAccdetDetailForm"/>
        
        <form-bean  name="iacust_idcodesearchfrm"
            type="com.cortex.cust.bre.gui.ia.formbean.CustIdCodeSearchForm"/>
                    
        <form-bean  name="iacust_idcodedetailfrm"
            type="com.cortex.cust.bre.gui.ia.formbean.CustIdCodeDetailForm"/>
					
        <form-bean  name="brereplaceloststolencardsfrm"
            type="com.cortex.cust.bre.gui.ia.formbean.BREReplaceLostOrStolenCardsForm"/>
         
        <!-- Set Preventive Card  Status -->
        <form-bean  name="bresetcardstatusdetailfrm"
            type="com.cortex.cust.bre.gui.ia.formbean.BRESetCardStatusDetailForm"/>
    </form-beans>

    <!-- ========== Global Forward Definitions ============================== -->
    <global-forwards>
        &cxo-forwards;
    </global-forwards>
    
    <!-- ========== Action Mapping Definitions ============================== -->
    <action-mappings>
	&cxo-mappings;
        <!-- ACCDET DETAILS -->
        <action path="/iaaccdetdetailon"
                type="com.cortex.cust.bre.gui.ia.action.BREAccdetDetailAction"
                name="iaaccdetdetailfrm"
                scope="request"
                input="/IaAccdetDetail.jsp"
                validate="true">
            <forward name="success" path="/IaAccdetDetail.jsp"/>
            <forward name="error"   path="/IaAccdetDetail.jsp"/>
            <forward name="updsuccess"  path="/IaAccdetDetail.jsp"/>
            <forward name="delsuccess"  path="/IaAccdetDetail.jsp"/>
        </action>
        <!-- CUST_IDCODE SEARCH-->
        <action path="/iacust_idcodesearchon"
                type="com.cortex.cust.bre.gui.ia.action.CustIdCodeSearchAction"
                name="iacust_idcodesearchfrm"
                input="/IaCustidcodeSearch.jsp"
                validate="true">
            <forward name="success" path="/IaCustidcodeSearch.jsp"/>
            <forward name="error"   path="/IaCustidcodeSearch.jsp"/>
            <forward name="select"  path="/IaCustidcodeSearch.jsp"/>
        </action>

        <!-- CUST_IDCODE DETAILS -->
        <action path="/iacust_idcodedetailon"
                type="com.cortex.cust.bre.gui.ia.action.CustIdCodeDetailAction"
                name="iacust_idcodedetailfrm"
                scope="request"
                input="/IaCustidcodeDetail.jsp"
                validate="true">
            <forward name="success" path="/IaCustidcodeDetail.jsp"/>
            <forward name="error"   path="/IaCustidcodeDetail.jsp"/>
            <forward name="updsuccess"  path="/IaCustidcodeDetail.jsp"/>
            <forward name="delsuccess"  path="/IaCustidcodeDetail.jsp?delstatus=true"/>
        </action>
        
        <action path="/brereplacelostorstolencardson"
                type="com.cortex.cust.bre.gui.ia.action.BREReplaceLostOrStolenCardsAction"
                name="brereplaceloststolencardsfrm"
                scope="request"
                input="/IaBREReplaceLostOrStolenCards.jsp"
                validate="true">
            <forward name="success" path="/IaBREReplaceLostOrStolenCards.jsp"/>
            <forward name="error"   path="/IaBREReplaceLostOrStolenCards.jsp"/>
            <forward name="updsuccess"  path="/IaBREReplaceLostOrStolenCards.jsp"/>
        </action>

        <!-- Set Preventive Card  Status  -->
        <action path="/iabresetcardstatusdetailon"
                type="com.cortex.cust.bre.gui.ia.action.BRESetCardStatusDetailAction"
                name="bresetcardstatusdetailfrm"
                scope="request"
                input="/IaBRESetCardStatusDetail.jsp"
                validate="true">
            <forward name="success" path="/IaBRESetCardStatusDetail.jsp"/>
            <forward name="error"   path="/IaBRESetCardStatusDetail.jsp"/>
        </action>        
	</action-mappings>
</struts-config>
