<?xml version="1.0"?>
<!DOCTYPE sql SYSTEM "sql.dtd">

<sql>
    <module>ia</module>
    <database-type>generic</database-type>
    <description>Search queries for the IA module.</description>
    
	<search-query name="com.cortex.cust.bre.gui.ia.sessionejb.searchCust_idcode">
        <statement>
            Select cic.idcode||cit.idtypecode as cust_idcodePK, cic.idcode idcode, cit.idtypecode idtypecode, cit.idtypedescr idtypedescr, cic.id id from custidtype cit, custidcode cic where cic.idtype_id = cit.id and cic.custdet_id =
        </statement>
        <count-statement>Select count(*) as count from custidtype cit, custidcode cic where cic.idtype_id = cit.id and cic.custdet_id = </count-statement>
        <primary-key-column>cic.idcode||cit.idtypecode</primary-key-column>
        <column name="cust_idcodePK" pos="1" />
        <column name="idcode" pos="2"/>
        <column name="idtypecode" pos="3"/>
        <column name="idtypedescr" pos="4"/>
        <column name="id" pos="5"/>
    </search-query>
    
    <sql-statement name="com.cortex.cust.bre.gui.ia.plugin.replaceCard">
        <statement> 
        	Select 1 from crdrplace where old_crddet_id = ? 
        </statement>
    </sql-statement>

</sql>