<?xml version="1.0" encoding="UTF-8"?>
<beans xmlns="http://www.springframework.org/schema/beans"
    xmlns:xsi="http://www.w3.org/2001/XMLSchema-instance" xmlns:aop="http://www.springframework.org/schema/aop"
    xmlns:tx="http://www.springframework.org/schema/tx"
    xsi:schemaLocation="http://www.springframework.org/schema/beans
        http://www.springframework.org/schema/beans/spring-beans.xsd
        http://www.springframework.org/schema/tx
        http://www.springframework.org/schema/tx/spring-tx.xsd
        http://www.springframework.org/schema/aop
        http://www.springframework.org/schema/aop/spring-aop.xsd">
        
     <bean id="transportConverterService" parent="transportTransactionProxy">
        <property name="target">
            <bean
                class="com.fis.cortex.transport.core.services.basic.BasicTransportConverterService">
                <property name="commonServices" ref="commonServiceManagerCoreModel" />
                <property name="converters">
                    <!-- All converters must be registered here in TransportConverterService -->
                    <list>
                        <ref bean="screenConverter"/>
                        <ref bean="menuElementConverter"/>
                        <ref bean="userConverter"/>
                        <ref bean="userPermissionConverter"/>
                        <ref bean="languageConverter"/>
                        <ref bean="branchConverter"/>
                        <ref bean="partyConverter"/>
                        <ref bean="partyPersonConverter"/>
                        <ref bean="partyContactMechanismConverter"/>
                        <ref bean="contactMechanismConverter"/>
                        <ref bean="postalAddressConverter"/>
                        <ref bean="telecommunicationNumberConverter"/>
                        <ref bean="electronicAddressConverter"/>
                        <ref bean="partyContactMechanismPurposeConverter"/>
                        <ref bean="contactMechanismPurposeTypeConverter"/>
                        <ref bean="contactMechanismTypeConverter"/>
                        <ref bean="partyContactMechanismPurposeMediaConverter"/>
                        <ref bean="partyRoleTypeConverter"/>
                        <ref bean="barcodeConverter"/>
                        <ref bean="barcodeContextConverter"/>
                        <ref bean="barcodeReferenceConverter"/>
                        <ref bean="regularExprAttributeConverter"/>
                        <ref bean="regularExprContextConverter"/>
                        <ref bean="regularExprDefinitionConverter"/>
                        <ref bean="accountConverter"/>
                        <ref bean="accountHolderConverter"/>
                        <ref bean="accountTypeConverter"/>                       
                    </list>
                </property>
            </bean>
        </property>
    </bean>

</beans>