<?xml version="1.0" encoding="UTF-8"?>

<beans xmlns="http://www.springframework.org/schema/beans"
    xmlns:xsi="http://www.w3.org/2001/XMLSchema-instance" xmlns:aop="http://www.springframework.org/schema/aop"
    xmlns:tx="http://www.springframework.org/schema/tx"
    xsi:schemaLocation="http://www.springframework.org/schema/beans
        http://www.springframework.org/schema/beans/spring-beans.xsd
        http://www.springframework.org/schema/tx
        http://www.springframework.org/schema/tx/spring-tx.xsd
        http://www.springframework.org/schema/aop
        http://www.springframework.org/schema/aop/spring-aop.xsd">


    <bean id="cortexSessionFactory"
        class="com.nomadsoft.cortex.infrastructure.spring.DefaultSchemaSessionFactoryBean">
        <property name="dataSource">
            <ref bean="cortexDataSource" />
        </property>
        <property name="hibernateProperties">
            <ref bean="hibernateProperties" />
        </property>
        <property name="mappingResources">
            <list>
                <!--value>
                    com/nomadsoft/cortex/infrastructure/hibernate/AuditLogRecord.hbm.xml
                </value>
                <value>
                    com/nomadsoft/cortex/infrastructure/hibernate/Atm.hbm.xml
                </value>
                <value>
                    com/nomadsoft/cortex/infrastructure/hibernate/Card.hbm.xml
                </value>
                 <value>
					com/nomadsoft/cortex/infrastructure/hibernate/CardX.hbm.xml
				</value>
				<value>
					com/nomadsoft/cortex/infrastructure/hibernate/CardAccount.hbm.xml
				</value>
                <value>
					com/nomadsoft/cortex/infrastructure/hibernate/AccountType.hbm.xml
				</value>          
                <value>
                    com/nomadsoft/cortex/infrastructure/hibernate/CardProduct.hbm.xml
                </value>
                <value>
                    com/nomadsoft/cortex/infrastructure/hibernate/CardStatus.hbm.xml
                </value>
                <value>
                    com/nomadsoft/cortex/infrastructure/hibernate/CardStatusHistory.hbm.xml
                </value>
                <value>
                    com/nomadsoft/cortex/infrastructure/hibernate/CortexParameter.hbm.xml
                </value>
                <value>
                    com/nomadsoft/cortex/infrastructure/hibernate/Currency.hbm.xml
                </value>
                <value>
                    com/nomadsoft/cortex/infrastructure/hibernate/Country.hbm.xml
                </value>
                <value>
                    com/nomadsoft/cortex/infrastructure/hibernate/Account.hbm.xml
                </value>
                <value>
                    com/nomadsoft/cortex/infrastructure/hibernate/AccountHolder.hbm.xml
                </value>
                <value>
                    com/nomadsoft/cortex/infrastructure/hibernate/TransactionLog.hbm.xml
                </value>
                <value>
                    com/nomadsoft/cortex/infrastructure/hibernate/CardBatch.hbm.xml
                </value>
                <value>
                    com/nomadsoft/cortex/infrastructure/hibernate/CardProgram.hbm.xml
                </value>
                <value>
                    com/nomadsoft/cortex/infrastructure/hibernate/LangTranslation.hbm.xml
                </value>
                <value>
                    com/nomadsoft/cortex/infrastructure/hibernate/Language.hbm.xml
                </value>
                <value>
                    com/nomadsoft/cortex/infrastructure/hibernate/ActivityLimits.hbm.xml
                </value>
                <value>
                    com/nomadsoft/cortex/infrastructure/hibernate/CardVelocityCounters.hbm.xml
                </value>
                <value>
                    com/nomadsoft/cortex/infrastructure/hibernate/CardFormat.hbm.xml
                </value>
                <value>com/nomadsoft/cortex/infrastructure/hibernate/Msc.hbm.xml
                </value>
                <value>
                    com/nomadsoft/cortex/infrastructure/hibernate/PreGeneratedPin.hbm.xml
                </value>
                <value>
                    com/nomadsoft/cortex/infrastructure/hibernate/CardLimitOverride.hbm.xml
                </value>
                <value>
                    com/nomadsoft/cortex/infrastructure/hibernate/VirtualPan.hbm.xml
                </value>
                <value>
                    com/nomadsoft/cortex/infrastructure/hibernate/VirtualPanBatch.hbm.xml
                </value>
                <value>
                    com/nomadsoft/cortex/infrastructure/hibernate/VirtualPanStatus.hbm.xml
                </value>
                <value>
                    com/nomadsoft/cortex/infrastructure/hibernate/VirtualPanProfile.hbm.xml
                </value>
                <value>
                    com/nomadsoft/cortex/infrastructure/hibernate/BinRange.hbm.xml
                </value>
                <value>
                    com/nomadsoft/cortex/infrastructure/hibernate/RandomLinearCongruentialGenerator.hbm.xml
                </value>
                <value>
                    com/nomadsoft/cortex/infrastructure/hibernate/VirtualPanSequenceNumber.hbm.xml
                </value>
                <value>
                    com/nomadsoft/cortex/infrastructure/hibernate/NumberedDescription.hbm.xml
                </value>

                <value>
                    com/nomadsoft/cortex/infrastructure/hibernate/CardRouting.hbm.xml
                </value>
                <value>
                    com/nomadsoft/cortex/infrastructure/hibernate/Dimension.hbm.xml
                </value>
                <value>
                    com/nomadsoft/cortex/infrastructure/hibernate/DimensionValue.hbm.xml
                </value>
                <value>
                    com/nomadsoft/cortex/infrastructure/hibernate/DimensionWiring-Manual.hbm.xml
                </value>
                <value>
                    com/nomadsoft/cortex/infrastructure/hibernate/DimensionWiring-Setting.hbm.xml
                </value>
                <value>
                    com/nomadsoft/cortex/infrastructure/hibernate/Evaluation.hbm.xml
                </value>
                <value>
                    com/nomadsoft/cortex/infrastructure/hibernate/Rule.hbm.xml
                </value>
                <value>
                    com/nomadsoft/cortex/infrastructure/hibernate/RuleContext.hbm.xml
                </value>
                <value>
                    com/nomadsoft/cortex/infrastructure/hibernate/Atom.hbm.xml
                </value>
                <value>
                    com/nomadsoft/cortex/infrastructure/hibernate/EvaluationRulesView.hbm.xml
                </value>
                <value>
                    com/nomadsoft/cortex/infrastructure/hibernate/ThresholdSet.hbm.xml
                </value>
                <value>
                    com/nomadsoft/cortex/infrastructure/hibernate/Threshold.hbm.xml
                </value>
                <value>
                    com/nomadsoft/cortex/infrastructure/hibernate/ThresholdOverride.hbm.xml
                </value>
                <value>
                    com/nomadsoft/cortex/infrastructure/hibernate/Scope.hbm.xml
                </value>
                <value>
                    com/nomadsoft/cortex/infrastructure/hibernate/Cycle.hbm.xml
                </value>
                <value>
                    com/nomadsoft/cortex/infrastructure/hibernate/Aggregate.hbm.xml
                </value>
                <value>
                    com/nomadsoft/cortex/infrastructure/hibernate/AggregateDefinition.hbm.xml
                </value>
                <value>
                    com/nomadsoft/cortex/infrastructure/hibernate/Pos.hbm.xml
                </value>
                <value>
                    com/nomadsoft/cortex/infrastructure/hibernate/Merchant.hbm.xml
                </value>
                <value>
                    com/fis/cortex/infrastructure/hibernate/User.hbm.xml
                </value>
                <value>
                    com/fis/cortex/infrastructure/hibernate/UserGroup.hbm.xml
                </value>
                <value>
                    com/fis/cortex/infrastructure/hibernate/Screen.hbm.xml
                </value>
                <value>
                    com/fis/cortex/infrastructure/hibernate/UserPermission.hbm.xml
                </value>
                <value>
                    com/fis/cortex/infrastructure/hibernate/GroupPermission.hbm.xml
                </value>
                <value>
                    com/nomadsoft/cortex/infrastructure/hibernate/ChargeDetails.hbm.xml
                </value>
                <value>
                    com/nomadsoft/cortex/infrastructure/hibernate/ChargeDetailsOverride.hbm.xml
                </value>
                <value>
                    com/nomadsoft/cortex/infrastructure/hibernate/CommissionCategory.hbm.xml
                </value>
                <value>
                    com/nomadsoft/cortex/infrastructure/hibernate/CyclicFeeCategory.hbm.xml
                </value>
                <value>
                    com/nomadsoft/cortex/infrastructure/hibernate/CardTypeCycle.hbm.xml
                </value>
                <value>
                    com/nomadsoft/cortex/infrastructure/hibernate/Branch.hbm.xml
                </value>
                <value>
                    com/nomadsoft/cortex/infrastructure/hibernate/IssuerRiskCategory.hbm.xml
                </value>
                <value>
                    com/nomadsoft/cortex/infrastructure/hibernate/FeeCategory.hbm.xml
                </value>
                <value>
                    com/fis/cortex/infrastructure/hibernate/MenuElement.hbm.xml
                </value>
                <value>
                    com/fis/cortex/party/infrastructure/hibernate/Party.hbm.xml
                </value>                
                <value>
                    com/fis/cortex/party/infrastructure/hibernate/PartyRoleType.hbm.xml
                </value>                
                <value>
                    com/fis/cortex/party/infrastructure/hibernate/PartyPerson.hbm.xml
                </value>                
                <value>
                    com/fis/cortex/party/infrastructure/hibernate/ContactMechanismType.hbm.xml
                </value>
                <value>
                    com/fis/cortex/party/infrastructure/hibernate/ContactMechanismPurposeType.hbm.xml
                </value>
                <value>
                    com/fis/cortex/party/infrastructure/hibernate/ContactMechanism.hbm.xml
                </value>
                <value>
                    com/fis/cortex/party/infrastructure/hibernate/PostalAddress.hbm.xml
                </value>
                <value>
                    com/fis/cortex/party/infrastructure/hibernate/TelecommunicationNumber.hbm.xml
                </value>                  
                <value>
                    com/fis/cortex/party/infrastructure/hibernate/ElectronicAddress.hbm.xml
                </value>
                <value>
                    com/fis/cortex/party/infrastructure/hibernate/PartyContactMechanism.hbm.xml
                </value>                 
                <value>
                    com/fis/cortex/party/infrastructure/hibernate/PartyContactMechanismPurpose.hbm.xml
                </value>  
                <value>
                    com/fis/cortex/party/infrastructure/hibernate/PartyContactMechanismPurposeMedia.hbm.xml
                </value>  
                <value>
					com/nomadsoft/cortex/infrastructure/hibernate/AccountMarkupCategory.hbm.xml
				</value>    
				 <value>
					com/nomadsoft/cortex/infrastructure/hibernate/MarkupDefination.hbm.xml
				</value>
				<value>
					com/fis/cortex/infrastructure/hibernate/BarcodeContext.hbm.xml
				</value> 
				<value>
					com/fis/cortex/infrastructure/hibernate/Barcode.hbm.xml
				</value>
				<value>
         			com/fis/cortex/infrastructure/hibernate/AccessLog.hbm.xml
    			</value>				
				<value>
					com/fis/cortex/infrastructure/hibernate/BarcodeReference.hbm.xml
				</value>  
				<value>
					com/fis/cortex/infrastructure/hibernate/RegularExprContext.hbm.xml
				</value>
				<value>
					com/fis/cortex/infrastructure/hibernate/RegularExprAttribute.hbm.xml
				</value>
				<value>
					com/fis/cortex/infrastructure/hibernate/RegularExprDefinition.hbm.xml
				</value>
				<value>
                    com/nomadsoft/cortex/infrastructure/hibernate/AcquirerRiskCategory.hbm.xml
                </value>
				<value>
					com/nomadsoft/cortex/infrastructure/hibernate/AccountRiskCategory.hbm.xml
				</value>
				<value>
					com/nomadsoft/cortex/infrastructure/hibernate/CustomerSegmentationCategory.hbm.xml
				</value -->
				<!--value>
				    com/metavante/cortexonline/cust/infrastructure/hibernate/CustIdCode.hbm.xml
				</value>
				<value>
				     com/metavante/cortexonline/cust/infrastructure/hibernate/CustIdType.hbm.xml
				</value>
				<value>
				     com/metavante/cortexonline/cust/infrastructure/hibernate/ChargeData.hbm.xml
				</value>
				<value>
				     com/metavante/cortexonline/cust/infrastructure/hibernate/Additionals.hbm.xml
				</value>
    			<value>
				     com/metavante/cortexonline/cust/infrastructure/hibernate/BranchCardBatch.hbm.xml
				</value>
				<value>
                    com/nomadsoft/cortex/infrastructure/hibernate/Institution.hbm.xml
                </value-->
            </list>
        </property>
        <property name="databaseType" value="${instance.database.type}" />
        <property name="entityInterceptor">
            <ref bean="auditLoggerInterceptor" />
        </property>
    </bean>
    
</beans>

