<?xml version="1.0"?>
<!DOCTYPE ejb-jar PUBLIC "-//Sun Microsystems, Inc.//DTD Enterprise JavaBeans 2.0//EN" "http://java.sun.com/dtd/ejb-jar_2_0.dtd">
<ejb-jar id="ejb-jar_sess_bre">
    <enterprise-beans>
        <session id="BREAccdetMgr">
            <ejb-name>BREAccdetMgr</ejb-name>
            <home>com.cortex.cust.bre.gui.ia.sessionejb.BREAccdetMgrHome</home>
            <remote>com.cortex.cust.bre.gui.ia.sessionejb.BREAccdetMgr</remote>
            <ejb-class>com.cortex.cust.bre.gui.ia.sessionejb.BREAccdetMgrBean</ejb-class>
            <session-type>Stateless</session-type>
            <transaction-type>Container</transaction-type>
            <resource-ref id="AccdetMgr_ResRef">
                <res-ref-name>jdbc/cortexDataSource</res-ref-name>
                <res-type>javax.sql.DataSource</res-type>
                <res-auth>Container</res-auth>
                <res-sharing-scope>Shareable</res-sharing-scope>
            </resource-ref>
        </session>
        
        <session id="CustIdCodeMgr">
            <ejb-name>CustIdCodeMgr</ejb-name>
            <home>com.cortex.cust.bre.gui.ia.sessionejb.CustIdCodeMgrHome</home>
            <remote>com.cortex.cust.bre.gui.ia.sessionejb.CustIdCodeMgr</remote>
            <ejb-class>com.cortex.cust.bre.gui.ia.sessionejb.CustIdCodeMgrBean</ejb-class>
            <session-type>Stateless</session-type>
            <transaction-type>Container</transaction-type>
            <resource-ref id="CustIdCodeMgr_ResRef">
                <res-ref-name>jdbc/cortexDataSource</res-ref-name>
                <res-type>javax.sql.DataSource</res-type>
                <res-auth>Container</res-auth>
                <res-sharing-scope>Shareable</res-sharing-scope>
            </resource-ref>
        </session>
        
        <session id="BRECardStatusMgr">
            <ejb-name>BRECardStatusMgr</ejb-name>
            <home>com.cortex.cust.bre.gui.ia.sessionejb.BRECardStatusMgrHome</home>
            <remote>com.cortex.cust.bre.gui.ia.sessionejb.BRECardStatusMgr</remote>
            <ejb-class>com.cortex.cust.bre.gui.ia.sessionejb.BRECardStatusMgrBean</ejb-class>
            <session-type>Stateless</session-type>
            <transaction-type>Container</transaction-type>
            <resource-ref id="BRECardStatusMgr_ResRef">
                <res-ref-name>jdbc/cortexDataSource</res-ref-name>
                <res-type>javax.sql.DataSource</res-type>
                <res-auth>Container</res-auth>
                <res-sharing-scope>Shareable</res-sharing-scope>
            </resource-ref>
        </session>		

    </enterprise-beans>

    <assembly-descriptor>
        <container-transaction>
            <method>
                <ejb-name>BREAccdetMgr</ejb-name>
                <method-name>*</method-name>
            </method>
            <trans-attribute>Required</trans-attribute>
        </container-transaction>
        
        <container-transaction>
            <method>
                <ejb-name>CustIdCodeMgr</ejb-name>
                <method-name>*</method-name>
            </method>
            <trans-attribute>Required</trans-attribute>
        </container-transaction>
        
        <container-transaction>
            <method>
                <ejb-name>BRECardStatusMgr</ejb-name>
                <method-name>*</method-name>
            </method>
            <trans-attribute>Required</trans-attribute>
        </container-transaction>

    </assembly-descriptor>
</ejb-jar>
