<?xml version="1.0"?>

<!DOCTYPE weblogic-ejb-jar PUBLIC
"-//BEA Systems, Inc.//DTD WebLogic 6.0.0 EJB//EN"
"http://www.bea.com/servers/wls600/dtd/weblogic-ejb-jar.dtd" >

<weblogic-ejb-jar>
    
    <weblogic-enterprise-bean>
        <ejb-name>BREAccdetMgr</ejb-name>
        <reference-descriptor>
            <resource-description>
                <res-ref-name>jdbc/cortexDataSource</res-ref-name>
                <jndi-name>cortexDataSource</jndi-name>
            </resource-description>
        </reference-descriptor>
        <jndi-name>BREAccdetMgr</jndi-name>
    </weblogic-enterprise-bean>
    
    <weblogic-enterprise-bean>
        <ejb-name>CustIdCodeMgr</ejb-name>
        <reference-descriptor>
            <resource-description>
                <res-ref-name>jdbc/cortexDataSource</res-ref-name>
                <jndi-name>cortexDataSource</jndi-name>
            </resource-description>
        </reference-descriptor>
        <jndi-name>CustIdCodeMgr</jndi-name>
    </weblogic-enterprise-bean>

    <weblogic-enterprise-bean>
        <ejb-name>BRECardStatusMgr</ejb-name>
        <reference-descriptor>
            <resource-description>
                <res-ref-name>jdbc/cortexDataSource</res-ref-name>
                <jndi-name>cortexDataSource</jndi-name>
            </resource-description>
        </reference-descriptor>
        <jndi-name>BRECardStatusMgr</jndi-name>
    </weblogic-enterprise-bean>

</weblogic-ejb-jar>
