<?xml version="1.0" encoding="utf-8"?>
<!DOCTYPE hibernate-mapping PUBLIC "-//Hibernate/Hibernate Mapping DTD 3.0//EN"
"http://hibernate.sourceforge.net/hibernate-mapping-3.0.dtd">
<hibernate-mapping>
	<class name="com.fis.cortex.domain.custid.basic.BasicCustIdCode"
		entity-name="com.fis.cortex.domain.custid.CustIdCode" table="CUSTIDCODE"
		dynamic-update="true" optimistic-lock="version">

		<id name="id" type="long">
			<column name="id" />
			<generator class="native">
				<param name="sequence">custidcode_sequence</param>
			</generator>
		</id>

		<version name="versionNumber" column="verno_ctx" generated="always"
			access="field" />

		<property name="customerId" type="long">
			<column name="CUSTDET_ID" length="10" />
		</property>	
		
		<property name="code" type="string">
			<column name="IDCODE" length="32" />
		</property>
        <many-to-one name="custIdType"
			class="com.fis.cortex.domain.custid.basic.BasicCustIdType" entity-name="com.fis.cortex.domain.custid.CustIdType"
			insert="true" update="true">
			<column name="IDTYPE_ID" />            
		</many-to-one>
		
	</class>
</hibernate-mapping>