<?xml version="1.0" encoding="UTF-8"?>

<beans xmlns="http://www.springframework.org/schema/beans"
	xmlns:xsi="http://www.w3.org/2001/XMLSchema-instance"
	xsi:schemaLocation="http://www.springframework.org/schema/beans
                   	    http://www.springframework.org/schema/beans/spring-beans.xsd
	                    http://www.springframework.org/schema/context 
                        http://www.springframework.org/schema/context/spring-context.xsd"
	xmlns:p="http://www.springframework.org/schema/p"
    xmlns:context="http://www.springframework.org/schema/context">
    <bean id="custHibernateResources" class="java.util.ArrayList">
		<constructor-arg>
			<list>				
				<!--<value>com/metavante/cortexonline/cust/infrastructure/hibernate/CustIdCode.hbm.xml
				</value>
				<value>com/metavante/cortexonline/cust/infrastructure/hibernate/CustIdType.hbm.xml
				</value>-->
			</list>
		</constructor-arg>
	</bean>

  <!-- HIBERNATE CONFIGURATION -->
  <bean id="hibernateProperties" class="org.springframework.beans.factory.config.PropertiesFactoryBean" >
    <property name="properties">
      <props>
        <prop key="hibernate.jdbc.batch_size">100</prop>
        <prop key="hibernate.show_sql">true</prop>
        <prop key="hibernate.auto_import">true</prop>
        <prop key="hibernate.bytecode.use_reflection_optimizer">false</prop>
        <prop key="hibernate.query.substitutions">true=1,false=0</prop>
        <prop key="hibernate.use_outer_join">true</prop>
        <prop key="hibernate.max_fetch_depth">4</prop>
        <prop key="hibernate.transaction.flush_before_completion">true</prop>
        <prop key="hibernate.connection.release_mode">after_statement</prop>
        <!--<prop key="hibernate.query.factory_class">org.hibernate.hql.classic.ClassicQueryTranslatorFactory</prop>-->
        <prop key="hibernate.jdbc.use_scrollable_resultset">false</prop>
        <prop key="hibernate.cache.provider_class">net.sf.ehcache.hibernate.SingletonEhCacheProvider</prop>
		<prop key="hibernate.query.startup_check">false</prop>
      </props>
    </property>
  </bean>
	
	<bean id="custPageMappings" class="java.util.HashMap">
		<constructor-arg>
			<map>
				<entry key="/issuer/custscreen" value="com.metavante.cortexonline.wicket.content.cust.CustomerScreenPage" />
				<entry key="/customer/assigncard" value="com.metavante.cortexonline.wicket.content.cust.assigncard.AssignCardPage" />
				<entry key="/customer/addadditionalcards" value="com.metavante.cortexonline.wicket.content.cust.additionalcards.AdditionalCardsInstSelectionPage" />
				<entry key="/customer/amendaccounts" value="com.metavante.cortexonline.wicket.content.cust.additionalaccounts.AdditionalAccInstSelectionPage" />
			</map>
		</constructor-arg>
	</bean>
   <bean  id="transportCustomerIdService"  parent="baseTransactionProxy">
       <property name="target">
		    <bean class="com.fis.cortex.transport.custid.services.basic.BasicCustomerService">			
			   <property name="customerIdRepository" ref="custIdRepository"/>	
			   <property name="accountHolderConverter" ref="accountHolderConverter" />	
			   <property name="cardConverter" ref="cardConverter" />
			   <property name="accountConverter" ref="accountConverter" />	
               <property name="institutionConverter" ref="institutionConverter" />
			   <property name="cortexWebServiceTemplate" ref="cortexWebServiceTemplate" />
			   <property name="cardBaseTemplate"   ref="crdbaseWebservice" />
			   <property name="accessLogServiceManager" ref="accessLogServiceManager" />
			   <property name="branchConvertor" ref="customBranchConvertor" />
			</bean> 
	  </property>
   </bean>
   
   <bean id="accessLogServiceManager" parent="baseTransactionProxy">
	   <property name="target">
	      <bean class="com.fis.cortex.domain.core.accesslog.basic.BasicAccessLogServiceManager">
		    <property name="accessLogRepository" ref="accessLogRepository" />
		  </bean>
		</property>
	</bean>
			   
	<bean id="accessLogRepository" class="com.fis.cortex.infrastructure.core.hibernate.HibernateAccessLogRepository">
		<property name="hibernateTemplate" ref="cortexHibernateTemplate" />
    </bean>
   
   
   
   <bean id="custIdRepository"
		class="com.fis.cortex.domain.custid.basic.HibernateCustomerIdRepository">
		<property name="hibernateTemplate" ref="cortexHibernateTemplate" />
	</bean>  
	
	<bean id="accountHolderConverter"
		class="com.fis.cortex.access.custid.converter.AccountHolderConverter">
		<property name="accountConverter" ref="accountConverter" />
	</bean>  
	
	<bean id="accountConverter"
		class="com.fis.cortex.access.custid.converter.AccountConverter">
		<property name="currencyConverter" ref="currencyConverter" />
		<property name="institutionConverter" ref="institutionConverter" />
		<property name="branchConverter" ref="branchConverter" />
	</bean> 
	
	<bean id="accountTypeConverter"
		class="com.fis.cortex.access.custid.converter.AccountTypeConverter"/>
		
    <bean id="cardProductConverter"
		class="com.fis.cortex.access.custid.converter.CardProductConverter">
		<property name="institutionConverter" ref="institutionConverter" />		
	</bean>
	
	<bean id="cardAccountConverter"
		class="com.fis.cortex.access.custid.converter.CardAccountConverter">
		<property name="cardConverter" ref="cardConverter" />	
		<property name="accountConverter" ref="accountConverter" />	
	</bean>
	<bean id="cardStatusConverter"
		class="com.fis.cortex.access.custid.converter.CardStatusConverter">		
	</bean>
	<bean id="customBranchConvertor"
		class="com.fis.cortex.access.custid.converter.CustomBranchConvertor">		
	</bean>
	
		
	<bean id="cardConverter"
		class="com.fis.cortex.access.custid.converter.CardConverter">
		<property name="cardProductConverter" ref="cardProductConverter"/>
		<property name="accountHolderConverter" ref="accountHolderConverter"/>
		<property name="accountConverter" ref="accountConverter"/>
		<property name="branchConverter" ref="branchConverter"/>
		<property name="cardAccountConverter" ref="cardAccountConverter"/>
		<property name="cardStatusConverter" ref="cardStatusConverter"/>
	</bean>
	
	<bean id="cortexWebServiceTemplate" class="com.fis.cortex.webservices.client.CortexWebServiceTemplate">
	  <constructor-arg ref="messageFactory"/>
        <property name="defaultUri" value="http://localhost:41200/CRDBASE-WS-WEB/"/>
	    <property name="marshaller" ref="jaxbMarshaller"/>  
		<property name="unmarshaller" ref="jaxbMarshaller"/>	
     </bean>
    <bean id="messageFactory" class="org.springframework.ws.soap.saaj.SaajSoapMessageFactory"/>
		  
    <bean id="jaxbMarshaller" class="org.springframework.oxm.jaxb.Jaxb2Marshaller">
		<property name="classesToBeBound">
			<list>		
			    <value>com.fis.cortex.webservices.common.BaseRequest</value>	
				<value>com.fis.cortex.webservices.common.BaseResponse</value>
				<value>com.fis.cortex.webservices.common.Gender</value>
				<value>com.fis.cortex.webservices.common.BaseResponse</value>
				<value>com.fis.cortex.webservices.common.MaritalStatus</value>
				<value>com.fis.cortex.webservices.customersearch.CortexCustomerSearchSoapIn</value>
				<value>com.fis.cortex.webservices.customersearch.CortexCustomerSearchSoapOut</value>
				<value>com.fis.cortex.webservices.accountsearch.CortexAccountSearchSoapOut</value>
				<value>com.fis.cortex.webservices.accountsearch.CortexAccountSearchSoapIn</value>
				<value>com.fis.cortex.webservices.validateaccounts.CortexValidateCustomerAdditionalAccountSoapIn</value>
				<value>com.fis.cortex.webservices.validateaccounts.CortexValidateCustomerAdditionalAccountSoapOut</value>				
			</list>
		</property>
		<property name="marshallerProperties">
			<map>
				<entry key="jaxb.formatted.output">
					<value type="java.lang.Boolean">true</value>
				</entry>
			</map>
		</property>	
	</bean>	
	<bean id="crdbaseWebservice" class="com.fis.cortex.webservices.client.CortexWebServiceTemplate">
	  <constructor-arg ref="messageFactory"/>
        <property name="defaultUri" value="http://localhost:7001/CRDBASE-WS-WEB/"/>
	    <property name="marshaller" ref="crdbaseJaxbMarshaller"/>  
		<property name="unmarshaller" ref="crdbaseJaxbMarshaller"/>	
     </bean>
     <bean id="crdbaseJaxbMarshaller" class="org.springframework.oxm.jaxb.Jaxb2Marshaller">
		<property name="classesToBeBound">
			<list>		
			    <value>com.fis.cortex.webservices.common.card.AccountDetail</value>	
				<value>com.fis.cortex.webservices.common.card.AccountInfo</value>
				<value>com.fis.cortex.webservices.common.card.AdditionalCardReturnData</value>
				<value>com.fis.cortex.webservices.common.card.AdditionalCardReturnDataResponse</value>	
				<value>com.fis.cortex.webservices.common.card.AddLinkage</value>
				<value>com.fis.cortex.webservices.common.card.Address</value>
				<value>com.fis.cortex.webservices.common.card.Answer</value>	
				<value>com.fis.cortex.webservices.common.card.ApplicationProductionData</value>
				<value>com.fis.cortex.webservices.common.card.ApplicationTag</value>
				<value>com.fis.cortex.webservices.common.card.CardAccounts</value>	
				<value>com.fis.cortex.webservices.common.card.CardDetail</value>
				<value>com.fis.cortex.webservices.common.card.CardEventData</value>
				<value>com.fis.cortex.webservices.common.card.CardEventExternalAuthorisation</value>
				<value>com.fis.cortex.webservices.common.card.CardInfo</value>
				<value>com.fis.cortex.webservices.common.card.CardNotify</value>
				<value>com.fis.cortex.webservices.common.card.CardSupportingDocumentData</value>
				<value>com.fis.cortex.webservices.common.card.ContactMechanism</value>
				<value>com.fis.cortex.webservices.common.card.CreditDetailResponse</value>
				<value>com.fis.cortex.webservices.common.card.CustomerDetail</value>
				<value>com.fis.cortex.webservices.common.card.DeliveryReference</value>				
				<value>com.fis.cortex.webservices.common.card.Email</value>
				<value>com.fis.cortex.webservices.common.card.EvalData</value>
				<value>com.fis.cortex.webservices.common.card.GenerateCardOsi</value>
				<value>com.fis.cortex.webservices.common.card.GenerateCardOso</value>				
				<value>com.fis.cortex.webservices.common.card.GenerateCardRequest</value>
				<value>com.fis.cortex.webservices.common.card.GenerateCardResponse</value>
				<value>com.fis.cortex.webservices.common.card.Identification</value>
				<value>com.fis.cortex.webservices.common.card.Pin</value>
				<value>com.fis.cortex.webservices.common.card.SecurityVerification</value>
				<value>com.fis.cortex.webservices.common.card.TeleCommunication</value>
				<value>com.fis.cortex.webservices.common.card.UserData</value>
				<value>com.fis.cortex.webservices.common.card.request.AbstractRequest</value>
				<value>com.fis.cortex.webservices.common.card.request.BasicAuthentication</value>
				<value>com.fis.cortex.webservices.common.card.request.RequestHeader</value>
				<value>com.fis.cortex.webservices.common.card.request.SecurityData</value>
				<value>com.fis.cortex.webservices.common.card.response.AbstractResponse</value>
				<value>com.fis.cortex.webservices.common.card.response.ResponseHeader</value>
				<value>com.fis.cortex.webservices.common.card.serviceparameter.ServiceParametersList</value>
			    <value>com.fis.cortex.webservices.common.carddetails.CardDetailRequest</value>
				<value>com.fis.cortex.webservices.common.carddetails.CardDetailResponse</value>
				<value>com.fis.cortex.webservices.common.customerdetails.CustomerDetailRequest</value>
				<value>com.fis.cortex.webservices.common.customerdetails.CustomerDetailResponse</value>
			</list>
		</property>
		<property name="marshallerProperties">
			<map>
				<entry key="jaxb.formatted.output">
					<value type="java.lang.Boolean">true</value>
				</entry>
			</map>
		</property>	
	</bean>
	
	    <bean id="cortexCustSessionFactory"
        class="com.nomadsoft.cortex.infrastructure.spring.DefaultSchemaSessionFactoryBean">
        <property name="dataSource">
            <ref bean="cortexDataSource" />
        </property>
        <property name="hibernateProperties">
            <ref bean="hibernateProperties" />
        </property>
        <property name="mappingResources">
            <list>
				<value>
					com/nomadsoft/cortex/infrastructure/hibernate/AuditLogRecord.hbm.xml
				</value>
				<value>
					com/nomadsoft/cortex/infrastructure/hibernate/Atm.hbm.xml
				</value>
				<value>
					com/nomadsoft/cortex/infrastructure/hibernate/Card.hbm.xml
				</value>
				<value>
					com/nomadsoft/cortex/infrastructure/hibernate/CardX.hbm.xml
				</value>
				<value>
					com/nomadsoft/cortex/infrastructure/hibernate/CardAccount.hbm.xml
				</value>
				<value>
					com/nomadsoft/cortex/infrastructure/hibernate/CardProduct.hbm.xml
				</value>
				<value>
					com/nomadsoft/cortex/infrastructure/hibernate/CardStatus.hbm.xml
				</value>
				<value>
					com/nomadsoft/cortex/infrastructure/hibernate/CardStatusHistory.hbm.xml
				</value>
				<value>
					com/nomadsoft/cortex/infrastructure/hibernate/CortexParameter.hbm.xml
				</value>
				<value>
					com/nomadsoft/cortex/infrastructure/hibernate/Currency.hbm.xml
				</value>
				<value>
					com/nomadsoft/cortex/infrastructure/hibernate/Country.hbm.xml
				</value>
				<value>
					com/nomadsoft/cortex/infrastructure/hibernate/Account.hbm.xml
				</value>
				<value>
					com/nomadsoft/cortex/infrastructure/hibernate/AccountHolder.hbm.xml
				</value>
				<value>
					com/nomadsoft/cortex/infrastructure/hibernate/AccountType.hbm.xml
				</value>
				<value>
					com/nomadsoft/cortex/infrastructure/hibernate/TransactionLog.hbm.xml
				</value>
				<value>
					com/nomadsoft/cortex/infrastructure/hibernate/CardBatch.hbm.xml
				</value>
				<value>
					com/nomadsoft/cortex/infrastructure/hibernate/CardProgram.hbm.xml
				</value>
				<value>
					com/nomadsoft/cortex/infrastructure/hibernate/LangTranslation.hbm.xml
				</value>
				<value>
					com/nomadsoft/cortex/infrastructure/hibernate/ActivityLimits.hbm.xml
				</value>
				<value>
					com/nomadsoft/cortex/infrastructure/hibernate/CardVelocityCounters.hbm.xml
				</value>
				<value>
					com/nomadsoft/cortex/infrastructure/hibernate/CardFormat.hbm.xml
				</value>
				<value>com/nomadsoft/cortex/infrastructure/hibernate/Msc.hbm.xml
				</value>
				<value>
					com/nomadsoft/cortex/infrastructure/hibernate/PreGeneratedPin.hbm.xml
				</value>
				<value>
					com/nomadsoft/cortex/infrastructure/hibernate/CardLimitOverride.hbm.xml
				</value>
				<value>
					com/nomadsoft/cortex/infrastructure/hibernate/VirtualPan.hbm.xml
				</value>
				<value>
					com/nomadsoft/cortex/infrastructure/hibernate/VirtualPanBatch.hbm.xml
				</value>
				<value>
					com/nomadsoft/cortex/infrastructure/hibernate/VirtualPanStatus.hbm.xml
				</value>
				<value>
					com/nomadsoft/cortex/infrastructure/hibernate/VirtualPanProfile.hbm.xml
				</value>
				<value>
					com/nomadsoft/cortex/infrastructure/hibernate/BinRange.hbm.xml
				</value>
				<value>
					com/nomadsoft/cortex/infrastructure/hibernate/RandomLinearCongruentialGenerator.hbm.xml
				</value>
				<value>
					com/nomadsoft/cortex/infrastructure/hibernate/VirtualPanSequenceNumber.hbm.xml
				</value>
				<value>
					com/nomadsoft/cortex/infrastructure/hibernate/NumberedDescription.hbm.xml
				</value>
				<value>
					com/nomadsoft/cortex/infrastructure/hibernate/Institution.hbm.xml
				</value>
				<value>
					com/nomadsoft/cortex/infrastructure/hibernate/CardRouting.hbm.xml
				</value>
				<value>
					com/nomadsoft/cortex/infrastructure/hibernate/Dimension.hbm.xml
				</value>
				<value>
					com/nomadsoft/cortex/infrastructure/hibernate/DimensionValue.hbm.xml
				</value>
				<value>
					com/nomadsoft/cortex/infrastructure/hibernate/DimensionWiring-Manual.hbm.xml
				</value>
				<value>
					com/nomadsoft/cortex/infrastructure/hibernate/DimensionWiring-Setting.hbm.xml
				</value>
				<value>
					com/nomadsoft/cortex/infrastructure/hibernate/Evaluation.hbm.xml
				</value>
				<value>
					com/nomadsoft/cortex/infrastructure/hibernate/Rule.hbm.xml
				</value>
				<value>
					com/nomadsoft/cortex/infrastructure/hibernate/RuleContext.hbm.xml
				</value>
				<value>
					com/nomadsoft/cortex/infrastructure/hibernate/Atom.hbm.xml
				</value>
				<value>
					com/nomadsoft/cortex/infrastructure/hibernate/EvaluationRulesView.hbm.xml
				</value>
				<value>
					com/nomadsoft/cortex/infrastructure/hibernate/ThresholdSet.hbm.xml
				</value>
				<value>
					com/nomadsoft/cortex/infrastructure/hibernate/Threshold.hbm.xml
				</value>
				<value>
					com/nomadsoft/cortex/infrastructure/hibernate/ThresholdOverride.hbm.xml
				</value>
				<value>
					com/nomadsoft/cortex/infrastructure/hibernate/Scope.hbm.xml
				</value>
				<value>
					com/nomadsoft/cortex/infrastructure/hibernate/Cycle.hbm.xml
				</value>
				<value>
					com/nomadsoft/cortex/infrastructure/hibernate/Aggregate.hbm.xml
				</value>
				<value>
					com/nomadsoft/cortex/infrastructure/hibernate/AggregateDefinition.hbm.xml
				</value>
				<value>
					com/nomadsoft/cortex/infrastructure/hibernate/Pos.hbm.xml
				</value>
				<value>
					com/nomadsoft/cortex/infrastructure/hibernate/Merchant.hbm.xml
				</value>
				<value>
					com/fis/cortex/infrastructure/hibernate/User.hbm.xml
				</value>
				<value>
					com/fis/cortex/infrastructure/hibernate/UserGroup.hbm.xml
				</value>
				<value>
					com/fis/cortex/infrastructure/hibernate/Screen.hbm.xml
				</value>
				<value>
					com/fis/cortex/infrastructure/hibernate/UserPermission.hbm.xml
				</value>
				<value>
					com/fis/cortex/infrastructure/hibernate/GroupPermission.hbm.xml
				</value>
				<value>
					com/nomadsoft/cortex/infrastructure/hibernate/ChargeDetails.hbm.xml
				</value>
				<value>
					com/nomadsoft/cortex/infrastructure/hibernate/ChargeDetailsOverride.hbm.xml
				</value>
				<value>
					com/nomadsoft/cortex/infrastructure/hibernate/CommissionCategory.hbm.xml
				</value>
				<value>
					com/nomadsoft/cortex/infrastructure/hibernate/CyclicFeeCategory.hbm.xml
				</value>
				<value>
					com/nomadsoft/cortex/infrastructure/hibernate/CardTypeCycle.hbm.xml
				</value>
				<value>
					com/nomadsoft/cortex/infrastructure/hibernate/Branch.hbm.xml
				</value>
				<value>
					com/nomadsoft/cortex/infrastructure/hibernate/IssuerRiskCategory.hbm.xml
				</value>
				<value>
					com/nomadsoft/cortex/infrastructure/hibernate/AccountMarkupCategory.hbm.xml
				</value>
				<value>
					com/nomadsoft/cortex/infrastructure/hibernate/FeeCategory.hbm.xml
				</value>
				<value>
					com/fis/cortex/infrastructure/hibernate/MenuElement.hbm.xml
				</value>
				<value>
                    			com/nomadsoft/cortex/infrastructure/hibernate/Language.hbm.xml
                		</value>
               			 <value>
					com/nomadsoft/cortex/infrastructure/hibernate/MarkupDefination.hbm.xml
				</value>
				<value>
					com/nomadsoft/cortex/infrastructure/hibernate/IssuerRiskControlCategory.hbm.xml
				</value>
				<!--value>
					com/nomadsoft/cortex/infrastructure/hibernate/Additionals.hbm.xml
				</value-->
				<value>
					com/nomadsoft/cortex/infrastructure/hibernate/RuleContextScope.hbm.xml
				</value>
				<value>
					com/fis/cortex/infrastructure/hibernate/EmvConfiguration.hbm.xml
				</value>
				<value>
					com/fis/cortex/infrastructure/hibernate/EmvConfigurationAmx.hbm.xml
				</value>
				<value>
					com/fis/cortex/infrastructure/hibernate/EmvConfigurationMc.hbm.xml
				</value>
				<value>
					com/fis/cortex/infrastructure/hibernate/EmvConfigurationVis.hbm.xml
				</value>
				<value>
					com/fis/cortex/infrastructure/hibernate/EmvProfile.hbm.xml
				</value>
				<!--
				<value>
				    com/metavante/cortexonline/cust/infrastructure/hibernate/CustIdCode.hbm.xml
				</value>
				<value>
				     com/metavante/cortexonline/cust/infrastructure/hibernate/CustIdType.hbm.xml
				</value>
				<value>
				     com/metavante/cortexonline/cust/infrastructure/hibernate/ChargeData.hbm.xml
				</value>
				<value>
				     com/metavante/cortexonline/cust/infrastructure/hibernate/Additionals.hbm.xml
				</value>
    			<value>
				     com/metavante/cortexonline/cust/infrastructure/hibernate/BranchCardBatch.hbm.xml
				</value>				
				-->
            </list>
        </property>
        <property name="databaseType" value="${instance.database.type}" />
        <property name="entityInterceptor">
            <ref bean="auditLoggerInterceptor" />
        </property>
    </bean>
	
</beans>
